      Beta             Mach             AoA             Re/1e6             CL              CDo              CDi             CDtot             CDt            CDtot_t             CS              L/D               E               CFx              CFy              CFz              CMx              CMy              CMz              CMl              CMm              CMn              FOpt 
-10.000000000000   0.600000000000 -10.000000000000  10.000000000000  -0.945455223098   0.014913832908   0.012364952804   0.027278785711   0.045290954400   0.060204787308  -0.038929502341 -34.658992269717   1.448687183155  -0.131063009897  -0.033601164299  -0.936930449063   0.008181592937   0.277294832596  -0.056449108373  -0.008181592937   0.277294832596   0.056449108373   0.000000000000
-10.000000000000   0.600000000000  -9.000000000000  10.000000000000  -0.854029506729   0.014321080060  -0.005851330205   0.008469749855   0.039611842053   0.053932922113  -0.040964540810 -100.832907860584   3.807087765366  -0.118335426286  -0.038871440761  -0.845932601694   0.005404555943   0.202732674344  -0.045031650892  -0.005404555943   0.202732674344   0.045031650892   0.000000000000
-10.000000000000   0.600000000000  -8.000000000000  10.000000000000  -0.755830251733   0.013613001205  -0.014343286326  -0.000730285122   0.033230100540   0.046843101745  -0.048227773878 1034.979666740830 -34.583887460187  -0.097610267888  -0.047621898306  -0.749539999819   0.003627842380   0.121316854306  -0.046375213709  -0.003627842380   0.121316854306   0.046375213709   0.000000000000
-10.000000000000   0.600000000000  -7.000000000000  10.000000000000  -0.668668404923   0.012589870042  -0.004077319796   0.008512550246   0.033313624936   0.045903494978  -0.031819024101 -78.550890814325   2.322093157532  -0.067685310589  -0.029857432791  -0.665379276794   0.002028868994   0.050936854361  -0.038917799645  -0.002028868994   0.050936854361   0.038917799645   0.000000000000
-10.000000000000   0.600000000000  -6.000000000000  10.000000000000  -0.571864590363   0.012195514548  -0.018316249650  -0.006120735103   0.031511631159   0.043707145707  -0.044472182362  93.430704116072  -2.362112343425  -0.058090644893  -0.044859404481  -0.568909007592  -0.000095626544   0.101609039309  -0.052755515601   0.000095626544   0.101609039309   0.052755515601   0.000000000000
-10.000000000000   0.600000000000  -5.000000000000  10.000000000000  -0.475029903326   0.011611263292  -0.017593988532  -0.005982725241   0.024787510756   0.036398774048  -0.041507773781  79.400253935720  -1.667479725386  -0.040090676431  -0.041916066766  -0.473336960684  -0.000908164177   0.093633757932  -0.050562171193   0.000908164177   0.093633757932   0.050562171193   0.000000000000
-10.000000000000   0.600000000000  -4.000000000000  10.000000000000  -0.378207141431   0.011427308140  -0.023104609494  -0.011677301355   0.021519707359   0.032947015498  -0.059562893463  32.388231659365  -0.541545165631  -0.027536487361  -0.060685741374  -0.377205145951  -0.003461658552  -0.055901468907  -0.040939651796   0.003461658552  -0.055901468907   0.040939651796   0.000000000000
-10.000000000000   0.600000000000  -3.000000000000  10.000000000000  -0.285014429525   0.010490755254  -0.011527942530  -0.001037187277   0.012466932088   0.022957687342  -0.016115686265 274.795532030071  -3.462535510904  -0.013141908589  -0.016050958460  -0.284716829692  -0.004553956359   0.039065658118  -0.037932707334   0.004553956359   0.039065658118   0.037932707334   0.000000000000
-10.000000000000   0.600000000000  -2.000000000000  10.000000000000  -0.187679775546   0.010401584873  -0.017617196395  -0.007215611522   0.015047955968   0.025449540842  -0.025239600072  26.010238352263  -0.215813957446  -0.009271450432  -0.026109131625  -0.187470408499  -0.006607197491  -0.009225463357  -0.043000097657   0.006607197491  -0.009225463357   0.043000097657   0.000000000000
-10.000000000000   0.600000000000  -1.000000000000  10.000000000000  -0.092197013715   0.010369658158  -0.022622185005  -0.012252526846   0.013836866807   0.024206524966  -0.032190451727   7.524734682941  -0.030670846835  -0.008084643494  -0.033829035392  -0.092069939929  -0.008928204758  -0.084272097760  -0.038680630567   0.008928204758  -0.084272097760   0.038680630567   0.000000000000
-10.000000000000   0.600000000000   0.000000000000  10.000000000000   0.007276662747   0.010209983346  -0.018788053293  -0.008578069947   0.006703435005   0.016913418351  -0.025729374426  -0.848286711507  -0.000272893149  -0.003979890808  -0.026828053629   0.007276662747  -0.009451716153  -0.083368937375  -0.038657268591   0.009451716153  -0.083368937375   0.038657268591   0.000000000000
-10.000000000000   0.600000000000   1.000000000000  10.000000000000   0.111729478426   0.010731841928  -0.035208285855  -0.024476443927   0.014040962429   0.024772804358  -0.048192510377  -4.564775780293  -0.022547839911  -0.017683601733  -0.051710647740   0.111437829543  -0.011117521643  -0.276262820562  -0.031313448794   0.011117521643  -0.276262820562   0.031313448794   0.000000000000
-10.000000000000   0.600000000000   2.000000000000  10.000000000000   0.197382058077   0.010539789596  -0.016307774348  -0.005767984752   0.013825042453   0.024364832049  -0.034307351246 -34.220280834235  -0.298613173893  -0.006611650337  -0.034787745533   0.197271487268  -0.012513057778  -0.120626213672  -0.040179794790   0.012513057778  -0.120626213672   0.040179794790   0.000000000000
-10.000000000000   0.600000000000   3.000000000000  10.000000000000   0.332369979600   0.011393853431  -0.032360629987  -0.020966776555   0.017633453921   0.029027307352  -0.057235395173 -15.852221190269  -0.232932257206  -0.028089645856  -0.060006703453   0.331353990251  -0.014170595801  -0.360814909527  -0.043409871162   0.014170595801  -0.360814909527   0.043409871162   0.000000000000
-10.000000000000   0.600000000000   4.000000000000  10.000000000000   0.429228390487   0.011281522115  -0.001857462581   0.009424059534   0.031535368044   0.042816890159  -0.034505705445  45.546018562488   0.864284212194  -0.014705922814  -0.032345015481   0.429248184171  -0.018181778384  -0.069844367723  -0.048913605170   0.018181778384  -0.069844367723   0.048913605170   0.000000000000
-10.000000000000   0.600000000000   5.000000000000  10.000000000000   0.497938716491   0.011552205739  -0.010479983131   0.001072222608   0.022610499714   0.034162705453  -0.031441315651 464.398635754286  10.223145737882  -0.036907352429  -0.030777461916   0.496611786556  -0.016715301551  -0.334769622817  -0.050653137080   0.016715301551  -0.334769622817   0.050653137080   0.000000000000
-10.000000000000   0.600000000000   6.000000000000  10.000000000000   0.585773189021   0.012224102425  -0.011590858813   0.000633243612   0.028086999386   0.040311101811  -0.041592091634 925.036080187864  23.955535506071  -0.053426938422  -0.040850252705   0.583384394002  -0.017990555446  -0.477965411730  -0.058015150170   0.017990555446  -0.477965411730   0.058015150170   0.000000000000
-10.000000000000   0.600000000000   7.000000000000  10.000000000000   0.684503436729   0.012906943175  -0.007480362791   0.005426580384   0.037497702303   0.050404645478  -0.047421911264 126.139002510121   3.817180939004  -0.069942332300  -0.045759150081   0.681056099505  -0.019893513844  -0.443359604457  -0.047138643348   0.019893513844  -0.443359604457   0.047138643348   0.000000000000
-10.000000000000   0.600000000000   8.000000000000  10.000000000000   0.784411410665   0.013753562117  -0.002748589840   0.011004972276   0.041471023783   0.055224585900  -0.054041629197  71.277908837127   2.471818473465  -0.089143755238  -0.051309622038   0.779591932918  -0.022500289390  -0.568085874093  -0.058342476680   0.022500289390  -0.568085874093   0.058342476680   0.000000000000
-10.000000000000   0.600000000000   9.000000000000  10.000000000000   0.898868605377   0.015282942607  -0.022597003029  -0.007314060422   0.064594623777   0.079877566384  -0.076130831427 -122.895977536064  -4.883729506067  -0.134671072399  -0.076244306296   0.888743313180  -0.021745956999  -0.762378690226  -0.123258929456   0.021745956999  -0.762378690226   0.123258929456   0.000000000000
-10.000000000000   0.600000000000  10.000000000000  10.000000000000   0.974639856260   0.015194949280   0.020750593476   0.035945542755   0.071978807616   0.087173756896  -0.042448357660  27.114345244137   1.168317844342  -0.127123686219  -0.035561593732   0.967259911284  -0.025529995234  -0.654729398459  -0.053795693009   0.025529995234  -0.654729398459   0.053795693009   0.000000000000
-10.000000000000   0.600000000000  11.000000000000  10.000000000000   1.070830526897   0.016081568673   0.032861756522   0.048943325195   0.051282897138   0.067364465811  -0.038471787316  21.878990089677   1.035775743535  -0.150452081273  -0.029388395192   1.061628013150  -0.027342894339  -0.637766481745  -0.052703730509   0.027342894339  -0.637766481745   0.052703730509   0.000000000000
-10.000000000000   0.600000000000  12.000000000000  10.000000000000   1.163345500968   0.017078929002   0.044102972031   0.061181901033   0.056635821188   0.073714750191  -0.038604231893  19.014536673894   0.977939939570  -0.176380313592  -0.027393621247   1.151844538489  -0.029489999880  -0.652088281095  -0.048391563809   0.029489999880  -0.652088281095   0.048391563809   0.000000000000
-10.000000000000   0.600000000000  13.000000000000  10.000000000000   1.257088945482   0.018272702052   0.051263630671   0.069536332723   0.085180777971   0.103453480023  -0.046685818385  18.078159952656   1.004703587966  -0.208159572234  -0.033901698442   1.242098124703  -0.030736873045  -0.792057132346  -0.035997350148   0.030736873045  -0.792057132346   0.035997350148   0.000000000000
-10.000000000000   0.600000000000  14.000000000000  10.000000000000   1.352108431401   0.019588245414   0.059599734248   0.079187979662   0.136714083203   0.156302328617  -0.053822527004  17.074667609513   1.020660952499  -0.242367622227  -0.039253993518   1.333072342557  -0.033080437759  -0.755786777136  -0.055582766172   0.033080437759  -0.755786777136   0.055582766172   0.000000000000
-10.000000000000   0.600000000000  15.000000000000  10.000000000000   1.444726349412   0.020663965074   0.078676860269   0.099340825344   0.109238408798   0.129902373872  -0.042803354801  14.543128108826   0.928883278044  -0.272245150032  -0.024902722374   1.422742908663  -0.032576086734  -0.799013712847  -0.069148122363   0.032576086734  -0.799013712847   0.069148122363   0.000000000000
-10.000000000000   0.600000000000  16.000000000000  10.000000000000   1.539928809514   0.022026908532   0.093083904321   0.115110812853   0.113025044248   0.135051952780  -0.044354631960  13.377794590694   0.910757777248  -0.308087602004  -0.023692002554   1.513644373520  -0.036056797156  -0.859589458752  -0.053462268011   0.036056797156  -0.859589458752   0.053462268011   0.000000000000
-10.000000000000   0.600000000000  17.000000000000  10.000000000000   1.621052892030   0.023582706826   0.098560379180   0.122143086006   0.134516641448   0.158099348274  -0.060552195533  13.271753195674   0.951137278141  -0.348863196649  -0.038422347323   1.588463463178  -0.039558355700  -0.986377680196  -0.047672369107   0.039558355700  -0.986377680196   0.047672369107   0.000000000000
-10.000000000000   0.600000000000  18.000000000000  10.000000000000   1.712074622967   0.024955770227   0.117798128536   0.142753898764   0.139429136526   0.164384906753  -0.057167241501  11.993189942926   0.907768530772  -0.385914608708  -0.031509788273   1.674790533693  -0.041177923025  -1.023017484829  -0.043084688827   0.041177923025  -1.023017484829   0.043084688827   0.000000000000
-10.000000000000   0.600000000000  19.000000000000  10.000000000000   1.804334923057   0.026534330496   0.131483394019   0.158017724515   0.145471243144   0.172005573640  -0.064025421286  11.418560345627   0.910848668209  -0.429782972071  -0.035613241371   1.760315785406  -0.043066175694  -1.077441017996  -0.044990498661   0.043066175694  -1.077441017996   0.044990498661   0.000000000000
-10.000000000000   0.600000000000  20.000000000000  10.000000000000   1.893168315784   0.028079365714   0.148016293696   0.176095659409   0.159397591469   0.187476957182  -0.066037650016  10.750794892581   0.899803182773  -0.473764102390  -0.034455699375   1.842231609879  -0.044638179312  -1.135148888228  -0.046309927367   0.044638179312  -1.135148888228   0.046309927367   0.000000000000
-10.000000000000   0.600000000000  21.000000000000  10.000000000000   1.977281834288   0.029659361748   0.163933681335   0.193593043084   0.175609962276   0.205269324024  -0.071523337205  10.213599635577   0.892822502365  -0.519010553838  -0.036819657860   1.918726052385  -0.046060231046  -1.150792125476  -0.041830203780   0.046060231046  -1.150792125476   0.041830203780   0.000000000000
-10.000000000000   0.600000000000  22.000000000000  10.000000000000   2.063815239173   0.031368869064   0.179385361853   0.210754230917   0.193717943994   0.225086813057  -0.078079169821   9.792521033598   0.893476325019  -0.568108519381  -0.040295883654   1.996365696965  -0.047915264118  -1.208720425854  -0.043771870595   0.047915264118  -1.208720425854   0.043771870595   0.000000000000
-10.000000000000   0.600000000000  23.000000000000  10.000000000000   2.149840243076   0.033060085501   0.198596072090   0.231656157590   0.206526581997   0.239586667498  -0.080360723549   9.280306923144   0.882035874180  -0.617163312263  -0.038913193978   2.073530974284  -0.049637315560  -1.234958856117  -0.040279931161   0.049637315560  -1.234958856117   0.040279931161   0.000000000000
-10.000000000000   0.600000000000  24.000000000000  10.000000000000   2.233115683266   0.034790393893   0.219012458201   0.253802852095   0.222327947108   0.257118341002  -0.084635267416   8.798623281163   0.868647684585  -0.666525856758  -0.039277064777   2.147693010075  -0.051033534277  -1.267886614662  -0.042412372332   0.051033534277  -1.267886614662   0.042412372332   0.000000000000
-10.000000000000   0.600000000000  25.000000000000  10.000000000000   2.319665705277   0.036589925685   0.234298893395   0.270888819079   0.233290485203   0.269880410887  -0.091743478822   8.563165187699   0.878167670976  -0.724115800992  -0.043310339448   2.221807175184  -0.053285451375  -1.311140968008  -0.041815622943   0.053285451375  -1.311140968008   0.041815622943   0.000000000000
-10.000000000000   0.600000000000  26.000000000000  10.000000000000   2.400279815923   0.038427447653   0.253336250247   0.291763697901   0.244548968386   0.282976416040  -0.098745620107   8.226793919852   0.872991897260  -0.778550268219  -0.046581217808   2.290831643232  -0.054708408491  -1.407920538837  -0.039853081697   0.054708408491  -1.407920538837   0.039853081697   0.000000000000
-10.000000000000   0.600000000000  27.000000000000  10.000000000000   2.482637218011   0.040281094282   0.271966184174   0.312247278455   0.260621432679   0.300902526961  -0.109131515447   7.950869036527   0.872661031308  -0.836221041177  -0.053252391625   2.360252986418  -0.056038603956  -1.434261049794  -0.039286910133   0.056038603956  -1.434261049794   0.039286910133   0.000000000000
-10.000000000000   0.600000000000  28.000000000000  10.000000000000   2.561774064306   0.042016142660   0.293334559419   0.335350702080   0.276118235847   0.318134378508  -0.109448662062   7.639089611021   0.865167407357  -0.894300444427  -0.049552852660   2.425880600824  -0.057976928663  -1.477131044948  -0.040446062073   0.057976928663  -1.477131044948   0.040446062073   0.000000000000
-10.000000000000   0.600000000000  29.000000000000  10.000000000000   2.640954571342   0.043818192335   0.314340595042   0.358158787378   0.295343237320   0.339161429655  -0.112336032422   7.373697545381   0.860922328559  -0.954805301446  -0.048435774928   2.490288931246  -0.059761642693  -1.458733584238  -0.035071047714   0.059761642693  -1.458733584238   0.035071047714   0.000000000000
-10.000000000000   0.600000000000  30.000000000000  10.000000000000   2.716962996051   0.045829077951   0.327479154893   0.373308232843   0.336428396551   0.382257474501  -0.129570615580   7.278068783419   0.874213684551  -1.020613340633  -0.062777852444   2.548027247343  -0.062058426793  -1.559954126755  -0.027616955821   0.062058426793  -1.559954126755   0.027616955821   0.000000000000
 -9.000000000000   0.600000000000 -10.000000000000  10.000000000000  -0.950101825231   0.014982593489   0.009968683429   0.024951276918   0.041495489581   0.056478083071  -0.047914847813 -38.078284665007   1.599430044893  -0.133332104698  -0.043421696869  -0.941248629888   0.007173648853   0.200148206011  -0.035416867434  -0.007173648853   0.200148206011   0.035416867434   0.000000000000
 -9.000000000000   0.600000000000  -9.000000000000  10.000000000000  -0.857964901777   0.013983172460   0.010042553397   0.024025725857   0.039477190655   0.053460363116  -0.036035590401 -35.710259364465   1.354503861598  -0.105209701018  -0.031833480914  -0.851995962587   0.005430591925   0.241077862207  -0.041991105650  -0.005430591925   0.241077862207   0.041991105650   0.000000000000
 -9.000000000000   0.600000000000  -8.000000000000  10.000000000000  -0.756742509912   0.013248874909   0.004224577927   0.017473452835   0.039571004956   0.052819879865  -0.026156039800 -43.308126736176   1.448889453975  -0.084175947045  -0.023100565300  -0.752349293947   0.002679373802   0.255568495352  -0.015210831110  -0.002679373802   0.255568495352   0.015210831110   0.000000000000
 -9.000000000000   0.600000000000  -7.000000000000  10.000000000000  -0.670402497800   0.012540520928  -0.003463495673   0.009077025255   0.028795605241   0.041336126169  -0.032770302321 -73.857070898565   2.188998303098  -0.067714872721  -0.030946885931  -0.667122762632   0.001442499674   0.179753979506  -0.046153574660  -0.001442499674   0.179753979506   0.046153574660   0.000000000000
 -9.000000000000   0.600000000000  -6.000000000000  10.000000000000  -0.575887371463   0.011521376554   0.007872296983   0.019393673537   0.020044771622   0.031566148176  -0.002785874929 -29.694599651449   0.756019070548  -0.040713229837   0.000282262759  -0.574780387215   0.000289411519   0.154349284975  -0.026176875930  -0.000289411519   0.154349284975   0.026176875930   0.000000000000
 -9.000000000000   0.600000000000  -5.000000000000  10.000000000000  -0.481086718248   0.011523732294  -0.012245882489  -0.000722150195   0.020798867307   0.032322599601  -0.041022661712 666.186510504156 -14.168925698222  -0.036247077261  -0.040630573852  -0.479753183009  -0.000807771813   0.103568041662  -0.061269550376   0.000807771813   0.103568041662   0.061269550376   0.000000000000
 -9.000000000000   0.600000000000  -4.000000000000  10.000000000000  -0.396300860598   0.010616546713   0.002859189234   0.013475735947   0.011482664556   0.022099211269   0.003177281961 -29.408476252988   0.515246748214  -0.014862971019   0.005246233891  -0.396229266730  -0.002131058978   0.155769078460  -0.016558946696   0.002131058978   0.155769078460   0.016558946696   0.000000000000
 -9.000000000000   0.600000000000  -3.000000000000  10.000000000000  -0.289113878573   0.010710873264  -0.018919206721  -0.008208333457   0.015362813953   0.026073687218  -0.035711302837  35.221994829577  -0.450194940808  -0.017648393330  -0.036555703693  -0.288585729745  -0.004280184737  -0.141764569413  -0.049795287307   0.004280184737  -0.141764569413   0.049795287307   0.000000000000
 -9.000000000000   0.600000000000  -2.000000000000  10.000000000000  -0.190828043734   0.010406496893  -0.018852119863  -0.008445622970   0.011645075341   0.022051572235  -0.031716447821  22.594904415159  -0.190620861435  -0.010037841407  -0.032647152229  -0.190593832734  -0.006258602724  -1.043998195749  -0.029856247213   0.006258602724  -1.043998195749   0.029856247213   0.000000000000
 -9.000000000000   0.600000000000  -1.000000000000  10.000000000000  -0.086900231837   0.010583881328  -0.031098130960  -0.020514249632   0.010858394802   0.021442276130  -0.045271863619   4.236091175344  -0.016274361376  -0.014694216259  -0.047923627520  -0.086656980680  -0.007239415955  -0.062962048275  -0.068655641999   0.007239415955  -0.062962048275   0.068655641999   0.000000000000
 -9.000000000000   0.600000000000   0.000000000000  10.000000000000   0.009190175388   0.010110594037  -0.014245427266  -0.004134833230   0.010750148747   0.020860742784  -0.023693564109  -2.222622987962  -0.000903040697  -0.000377436545  -0.024048687442   0.009190175388  -0.008458313490  -0.169823907405  -0.030993292100   0.008458313490  -0.169823907405   0.030993292100   0.000000000000
 -9.000000000000   0.600000000000   1.000000000000  10.000000000000   0.110567132217   0.010420151743  -0.022882478341  -0.012462326598   0.012155861181   0.022576012924  -0.037349075243  -8.872109982582  -0.043368128744  -0.008394889767  -0.038838783544   0.110437441346  -0.009985968355  -0.142736242268  -0.037505455127   0.009985968355  -0.142736242268   0.037505455127   0.000000000000
 -9.000000000000   0.600000000000   2.000000000000  10.000000000000   0.236864577853   0.010611434787   0.002706604946   0.013318039734   0.032517071345   0.043128506133  -0.037428102778  17.785243368626   0.186242010886   0.010731083405  -0.034883900303   0.237383694996  -0.010239717533  -0.402921022820  -0.060861188146   0.010239717533  -0.402921022820   0.060861188146   0.000000000000
 -9.000000000000   0.600000000000   3.000000000000  10.000000000000   0.297922504325   0.010616436629  -0.009537446459   0.001078990170   0.016268319662   0.026884756290  -0.024890508750 276.112343309192   3.636694778106  -0.010639416458  -0.024415274034   0.297773768892  -0.012810508737  -0.201290587440  -0.030292504032   0.012810508737  -0.201290587440   0.030292504032   0.000000000000
 -9.000000000000   0.600000000000   4.000000000000  10.000000000000   0.406682585072   0.011021637044  -0.007507015713   0.003514621331   0.018639711275   0.029661348319  -0.025285073551 115.711636259827   2.080416701551  -0.020960026933  -0.024423964430   0.406209994635  -0.014273058218  -0.294531750553  -0.039287513968   0.014273058218  -0.294531750553   0.039287513968   0.000000000000
 -9.000000000000   0.600000000000   5.000000000000  10.000000000000   0.498637366401   0.011579309833  -0.009990973227   0.001588336606   0.022115088166   0.033694397999  -0.036955694052 313.936834546943   6.920617016731  -0.036137152941  -0.036252237547   0.497380488919  -0.015153597297  -0.382158392066  -0.050354043441   0.015153597297  -0.382158392066   0.050354043441   0.000000000000
 -9.000000000000   0.600000000000   6.000000000000  10.000000000000   0.590584477175   0.012128974802  -0.009416266622   0.002712708180   0.024896364587   0.037025339389  -0.040900979399 217.710287270048   5.684322372883  -0.052704982980  -0.039973059418   0.588298064650  -0.016400816698  -0.424304212424  -0.048454169483   0.016400816698  -0.424304212424   0.048454169483   0.000000000000
 -9.000000000000   0.600000000000   7.000000000000  10.000000000000   0.686840370300   0.012867758710  -0.004821333511   0.008046425200   0.032993537821   0.045861296531  -0.049934869174  85.359691200118   2.591948512117  -0.068063354466  -0.048061349851   0.683641292507  -0.018116631030  -0.499611666920  -0.060553383805   0.018116631030  -0.499611666920   0.060553383805   0.000000000000
 -9.000000000000   0.600000000000   8.000000000000  10.000000000000   0.783435924431   0.013516530371   0.004501185033   0.018017715404   0.040213921207   0.053730451577  -0.046808593028  43.481424080306   1.505999968856  -0.084159292566  -0.043413709903   0.779307380567  -0.020008789028  -0.500878760330  -0.062919777769   0.020008789028  -0.500878760330   0.062919777769   0.000000000000
 -9.000000000000   0.600000000000   9.000000000000  10.000000000000   0.882197768996   0.014285825244   0.014523304766   0.028809130011   0.050968429520   0.065254254764  -0.045133381645  30.622159317959   1.194316653261  -0.102928524664  -0.040070973981   0.876892198384  -0.021555264306  -0.553862549741  -0.058421974521   0.021555264306  -0.553862549741   0.058421974521   0.000000000000
 -9.000000000000   0.600000000000  10.000000000000  10.000000000000   0.978668342182   0.015198747568   0.023070581244   0.038269328812   0.059654563810   0.074853311378  -0.048755865221  25.573177595650   1.106465701053  -0.125208818481  -0.042168957635   0.971688185941  -0.023552144372  -0.603683328473  -0.059557574287   0.023552144372  -0.603683328473   0.059557574287   0.000000000000
 -9.000000000000   0.600000000000  11.000000000000  10.000000000000   1.073034544634   0.015960941929   0.038546373802   0.054507315731   0.063074167590   0.079035109519  -0.035758937176  19.686064709771   0.933878405593  -0.146406372653  -0.026791862544   1.064659688906  -0.024229343978  -0.633365619868  -0.047902604744   0.024229343978  -0.633365619868   0.047902604744   0.000000000000
 -9.000000000000   0.600000000000  12.000000000000  10.000000000000   1.169732515781   0.017105157716   0.048001341380   0.065106499095   0.071040238632   0.088145396348  -0.044495422024  17.966447774550   0.929108649150  -0.173492840766  -0.033762709186   1.158987994309  -0.025946431217  -0.701815121130  -0.048990935055   0.025946431217  -0.701815121130   0.048990935055   0.000000000000
 -9.000000000000   0.600000000000  13.000000000000  10.000000000000   1.260777335724   0.018090052025   0.058516927662   0.076606979687   0.078804509669   0.096894561694  -0.035945313246  16.457734541671   0.917331205339  -0.204409662618  -0.023518794907   1.246749269609  -0.028183182059  -0.711272510506  -0.040821922339   0.028183182059  -0.711272510506   0.040821922339   0.000000000000
 -9.000000000000   0.600000000000  14.000000000000  10.000000000000   1.358359804312   0.019334750491   0.073080172739   0.092414923231   0.088150192290   0.107484942782  -0.034858632956  14.698489776597   0.882684006523  -0.234760046336  -0.019972586262   1.341411874385  -0.029953649372  -0.749236865200  -0.040293268838   0.029953649372  -0.749236865200   0.040293268838   0.000000000000
 -9.000000000000   0.600000000000  15.000000000000  10.000000000000   1.451545189770   0.020587191372   0.082730089227   0.103317280599   0.097106336932   0.117693528305  -0.033677661932  14.049394073753   0.901583336788  -0.272030542426  -0.017100650509   1.429859795598  -0.031029759610  -0.791731419622  -0.037200124263   0.031029759610  -0.791731419622   0.037200124263   0.000000000000
 -9.000000000000   0.600000000000  16.000000000000  10.000000000000   1.548593940872   0.021966148998   0.100872696236   0.122838845233   0.107597304100   0.129563453098  -0.033956961522  12.606711972361   0.863092032405  -0.305117566826  -0.014322665937   1.523510348667  -0.032747367304  -0.872258112458  -0.037122776588   0.032747367304  -0.872258112458   0.037122776588   0.000000000000
 -9.000000000000   0.600000000000  17.000000000000  10.000000000000   1.625611624463   0.023640475257   0.100138311835   0.123778787091   0.131993656199   0.155634131455  -0.065247982792  13.133200467250   0.943854587188  -0.348608898719  -0.045081403509   1.593308238783  -0.035647703014  -0.997681746255  -0.050600913252   0.035647703014  -0.997681746255   0.050600913252   0.000000000000
 -9.000000000000   0.600000000000  18.000000000000  10.000000000000   1.719537652316   0.024895524684   0.124501509464   0.149397034148   0.138721492135   0.163617016819  -0.048488381710  11.509851330870   0.874982012658  -0.383816631304  -0.024520564153   1.683319301313  -0.037381334996  -1.001874527766  -0.040509431630   0.037381334996  -1.001874527766   0.040509431630   0.000000000000
 -9.000000000000   0.600000000000  19.000000000000  10.000000000000   1.810892236577   0.026429195795   0.140802785395   0.167231981191   0.146212132345   0.172641328140  -0.050485218679  10.828623949083   0.866929138077  -0.425927275804  -0.023702816346   1.768578558491  -0.038837191951  -1.050126919590  -0.037147124479   0.038837191951  -1.050126919590   0.037147124479   0.000000000000
 -9.000000000000   0.600000000000  20.000000000000  10.000000000000   1.898420949150   0.028016974357   0.154031904927   0.182048879284   0.161755433093   0.189772407450  -0.057207136775  10.428083691671   0.875214989184  -0.471924905088  -0.028024102950   1.848490758627  -0.040123332258  -1.088436383829  -0.037192082031   0.040123332258  -1.088436383829   0.037192082031   0.000000000000
 -9.000000000000   0.600000000000  21.000000000000  10.000000000000   1.986901711576   0.029661070113   0.170525882904   0.200186953017   0.177522586593   0.207183656706  -0.061213393337   9.925230798665   0.871835842644  -0.518512346741  -0.029143615984   1.929221579568  -0.041695634139  -1.129802167424  -0.035736182776   0.041695634139  -1.129802167424   0.035736182776   0.000000000000
 -9.000000000000   0.600000000000  22.000000000000  10.000000000000   2.074175645548   0.031376540754   0.187924530111   0.219301070865   0.192996978190   0.224373518944  -0.066838855659   9.458119093369   0.867297371142  -0.566476277686  -0.031709712729   2.008199223641  -0.043393538082  -1.185158876449  -0.035019469301   0.043393538082  -1.185158876449   0.035019469301   0.000000000000
 -9.000000000000   0.600000000000  23.000000000000  10.000000000000   2.159944698552   0.033076518481   0.206410795418   0.239487313898   0.209982892217   0.243059410698  -0.068966303456   9.019035970606   0.861232622875  -0.616291433691  -0.030653143984   2.084878144846  -0.044936751344  -1.227465757314  -0.034549894983   0.044936751344  -1.227465757314   0.034549894983   0.000000000000
 -9.000000000000   0.600000000000  24.000000000000  10.000000000000   2.246137973459   0.034914495783   0.223249948513   0.258164444297   0.227535460740   0.262449956523  -0.080394569872   8.700415657854   0.863961028269  -0.669156118986  -0.039018962574   2.160776613156  -0.046591937814  -1.263900416216  -0.041509410124   0.046591937814  -1.263900416216   0.041509410124   0.000000000000
 -9.000000000000   0.600000000000  25.000000000000  10.000000000000   2.327599147604   0.036709550057   0.240404594716   0.277114144773   0.243913807835   0.280623357892  -0.090515511289   8.399423816893   0.864321678864  -0.722794192764  -0.046050912151   2.231177036306  -0.047953014621  -1.317303307784  -0.040702640035   0.047953014621  -1.317303307784   0.040702640035   0.000000000000
 -9.000000000000   0.600000000000  26.000000000000  10.000000000000   2.412586823870   0.038503090180   0.259745286100   0.298248376280   0.261516914136   0.300020004315  -0.089384273947   8.089186784393   0.862790861548  -0.780277258409  -0.041627480017   2.303682134759  -0.049565353190  -1.385064752698  -0.039075105419   0.049565353190  -1.385064752698   0.039075105419   0.000000000000
 -9.000000000000   0.600000000000  27.000000000000  10.000000000000   2.497025146078   0.040354743304   0.280675622739   0.321030366042   0.280032299772   0.320387043076  -0.094258625274   7.778158735761   0.858652500662  -0.837969015853  -0.042877931611   2.375510298011  -0.050993132727  -1.407629281209  -0.037464971903   0.050993132727  -1.407629281209   0.037464971903   0.000000000000
 -9.000000000000   0.600000000000  28.000000000000  10.000000000000   2.575161989160   0.042181487731   0.300854962649   0.343036450380   0.293006188607   0.335187676337  -0.100313382482   7.506963141406   0.854646577974  -0.895955481351  -0.045415634679   2.440163364813  -0.052022352400  -1.364143805286  -0.048395711025   0.052022352400  -1.364143805286   0.048395711025   0.000000000000
 -9.000000000000   0.600000000000  29.000000000000  10.000000000000   2.653693325842   0.044001941555   0.322642099575   0.366644041130   0.312711696923   0.356713638478  -0.103162879526   7.237792049375   0.849130722721  -0.955695166138  -0.044537008856   2.504360577970  -0.053624264751  -1.449401890245  -0.036990870968   0.053624264751  -1.449401890245   0.036990870968   0.000000000000
 -9.000000000000   0.600000000000  30.000000000000  10.000000000000   2.732720828963   0.045875098506   0.343796308034   0.389671406541   0.326833532529   0.372708631036  -0.103925082490   7.012885172204   0.847246368738  -1.018970458164  -0.041687554247   2.567171344126  -0.055919885313  -1.474138805114  -0.030809024001   0.055919885313  -1.474138805114   0.030809024001   0.000000000000
 -8.000000000000   0.600000000000 -10.000000000000  10.000000000000  -0.963048651422   0.014772264449   0.024012763998   0.038785028447   0.044118199845   0.058890464294  -0.033789046914 -24.830422716982   1.057182734450  -0.124776480982  -0.028062381552  -0.955903769039   0.006834276961   0.290470812217  -0.036064378030  -0.006834276961   0.290470812217   0.036064378030   0.000000000000
 -8.000000000000   0.600000000000  -9.000000000000  10.000000000000  -0.930226353930   0.014321778643   0.020825753855   0.035147532499   0.043183073377   0.057504852020   0.067126625612 -26.466334556107   1.088429135081  -0.120369698524   0.071364944995  -0.922757055110   0.007605730111   0.591353318550   0.137433082591  -0.007605730111   0.591353318550  -0.137433082591   0.000000000000
 -8.000000000000   0.600000000000  -8.000000000000  10.000000000000  -0.768712932622   0.013105517361   0.007593232523   0.020698749884   0.030508901463   0.043614418824  -0.034383232904 -37.138133314021   1.262123867804  -0.081947678230  -0.031167908437  -0.764750519614   0.003873699211   0.191931422026  -0.042299030681  -0.003873699211   0.191931422026   0.042299030681   0.000000000000
 -8.000000000000   0.600000000000  -7.000000000000  10.000000000000  -0.672252123457   0.012302270669   0.006739255990   0.019041526659   0.026359781269   0.038662051938  -0.029460993798 -35.304528649681   1.049253246284  -0.059141644671  -0.026524213119  -0.670038938697   0.001177857395   0.239485391891  -0.033817317902  -0.001177857395   0.239485391891   0.033817317902   0.000000000000
 -8.000000000000   0.600000000000  -6.000000000000  10.000000000000  -0.580390902678   0.011898573991  -0.003721694910   0.008176879081   0.022858281553   0.034756855543  -0.033540123716 -70.979513937285   1.821257439157  -0.047972112892  -0.032075711920  -0.578545785787   0.000692375115   0.151847086458  -0.038000033675  -0.000692375115   0.151847086458   0.038000033675   0.000000000000
 -8.000000000000   0.600000000000  -5.000000000000  10.000000000000  -0.480014737392   0.011356797055  -0.007821598272   0.003535198783   0.017949969671   0.029306766726  -0.032126652026 -135.781540696736   2.881462850341  -0.033894416426  -0.031321993079  -0.478882938514  -0.000936217161   0.101418953892  -0.039705146540   0.000936217161   0.101418953892   0.039705146540   0.000000000000
 -8.000000000000   0.600000000000  -4.000000000000  10.000000000000  -0.386195219005   0.011086844442  -0.017700948600  -0.006614104158   0.015232654259   0.026319498701  -0.043511620546  58.389648809653  -0.996920387005  -0.027432502071  -0.044008673832  -0.385220000955  -0.001711119725   0.055191276214  -0.052229739818   0.001711119725   0.055191276214   0.052229739818   0.000000000000
 -8.000000000000   0.600000000000  -3.000000000000  10.000000000000  -0.291415847426   0.010438543513  -0.008402654178   0.002035889335   0.012798903986   0.023237447499  -0.020262840972 -143.139335898387   1.844123000504  -0.010422036159  -0.019782303364  -0.291269575028  -0.003953269512  -0.012402079645  -0.037123354760   0.003953269512  -0.012402079645   0.037123354760   0.000000000000
 -8.000000000000   0.600000000000  -2.000000000000  10.000000000000  -0.190346141470   0.010428357150  -0.018910347277  -0.008481990127   0.011606131156   0.022034488306  -0.037798200788  22.441212336138  -0.188846140662  -0.009780023540  -0.038610816165  -0.190120639928  -0.005493996622  -0.003042836412  -0.050254651825   0.005493996622  -0.003042836412   0.050254651825   0.000000000000
 -8.000000000000   0.600000000000  -1.000000000000  10.000000000000  -0.098292474023   0.010370270027  -0.025602733171  -0.015232463143   0.010970099914   0.021340369941  -0.045001484458   6.452828613328  -0.028040652675  -0.010535322410  -0.046683482236  -0.098123551987  -0.005624630105  -0.135380640855  -0.063406501158   0.005624630105  -0.135380640855   0.063406501158   0.000000000000
 -8.000000000000   0.600000000000   0.000000000000  10.000000000000   0.006688790049   0.010056695215  -0.013894497866  -0.003837802652   0.008053828101   0.018110523316  -0.024412271612  -1.742869724139  -0.000515383145  -0.000402921878  -0.024708811959   0.006688790049  -0.007789349715  -0.071718492982  -0.022541153751   0.007789349715  -0.071718492982   0.022541153751   0.000000000000
 -8.000000000000   0.600000000000   1.000000000000  10.000000000000   0.111417169125   0.010285780449  -0.018399006558  -0.008113226109   0.009705400903   0.019991181353  -0.034626651465 -13.732782450402  -0.067643859866  -0.005159178324  -0.035418810109   0.111344087291  -0.008694198026  -0.158553114216  -0.030200288196   0.008694198026  -0.158553114216   0.030200288196   0.000000000000
 -8.000000000000   0.600000000000   2.000000000000  10.000000000000   0.206006445278   0.010338334035  -0.013084252569  -0.002745918534   0.011720894823   0.022059228858  -0.028661286364 -75.022781170082  -0.683268956195  -0.005920610058  -0.028764514693   0.205925263073  -0.009843737394  -0.182473474506  -0.025730850300   0.009843737394  -0.182473474506   0.025730850300   0.000000000000
 -8.000000000000   0.600000000000   3.000000000000  10.000000000000   0.300462266891   0.010409862074  -0.004026718102   0.006383143972   0.012263156038   0.022673018113  -0.012077206799  47.071203188423   0.625263331426  -0.007734100330  -0.011071310312   0.300469278058  -0.011440726991  -0.184711462600  -0.026604983752   0.011440726991  -0.184711462600   0.026604983752   0.000000000000
 -8.000000000000   0.600000000000   4.000000000000  10.000000000000   0.397568485728   0.010817540358  -0.003363396449   0.007454143909   0.014759398600   0.025576938958  -0.020225758582  53.335230786839   0.937440800533  -0.017561331520  -0.018991506567   0.397311299524  -0.012418966395  -0.265677341421  -0.026278865426   0.012418966395  -0.265677341421   0.026278865426   0.000000000000
 -8.000000000000   0.600000000000   5.000000000000  10.000000000000   0.493424214106   0.011182239409   0.003702109272   0.014884348680   0.012312779198   0.023495018607  -0.011365165222  33.150541196208   0.723150685355  -0.026745640533  -0.009183059254   0.492969074098  -0.014079362602  -0.295750976057  -0.024160924757   0.014079362602  -0.295750976057   0.024160924757   0.000000000000
 -8.000000000000   0.600000000000   6.000000000000  10.000000000000   0.587292794476   0.011744070869   0.007258331909   0.019002402778   0.024281437538   0.036025508407  -0.017135044608  30.906238613098   0.802451045072  -0.040302751226  -0.014323664211   0.586291777527  -0.015556700111  -0.378076799130  -0.022104471668   0.015556700111  -0.378076799130   0.022104471668   0.000000000000
 -8.000000000000   0.600000000000   7.000000000000  10.000000000000   0.683767126004   0.012429941523   0.008808864234   0.021238805757   0.022278993172   0.034708934694  -0.024792966550  32.194236051945   0.973204396721  -0.059030115268  -0.021595812646   0.681654110992  -0.015597631471  -0.375702885193  -0.031178960788   0.015597631471  -0.375702885193   0.031178960788   0.000000000000
 -8.000000000000   0.600000000000   8.000000000000  10.000000000000   0.786299755385   0.013383382183   0.010301234482   0.023684616665   0.036164312497   0.049547694679  -0.043693192689  33.198753710250   1.154058016934  -0.080184171467  -0.039971711995   0.782758022865  -0.018392166823  -0.486459112972  -0.042021484182   0.018392166823  -0.486459112972   0.042021484182   0.000000000000
 -8.000000000000   0.600000000000   9.000000000000  10.000000000000   0.884519323053   0.014268913039   0.016134020373   0.030402933412   0.046739601898   0.061008514936  -0.049100381421  29.093223047554   1.137671510507  -0.101883599559  -0.044391269363   0.879408190783  -0.019512757064  -0.524625441479  -0.045827336236   0.019512757064  -0.524625441479   0.045827336236   0.000000000000
 -8.000000000000   0.600000000000  10.000000000000  10.000000000000   0.980112669368   0.014921147977   0.032086259355   0.047007407332   0.051222503559   0.066143651536  -0.032167270945  20.850175004031   0.903448557645  -0.119943236661  -0.025312054629   0.974083258346  -0.020227814926  -0.556843871752  -0.039229358950   0.020227814926  -0.556843871752   0.039229358950   0.000000000000
 -8.000000000000   0.600000000000  11.000000000000  10.000000000000   1.076578576426   0.015937989421   0.040863612666   0.056801602088   0.058232798504   0.074170787925  -0.038451529491  18.953313583757   0.902087370412  -0.144952414966  -0.030172066747   1.068552674005  -0.021494255813  -0.608982172405  -0.038185757386   0.021494255813  -0.608982172405   0.038185757386   0.000000000000
 -8.000000000000   0.600000000000  12.000000000000  10.000000000000   1.170431158653   0.016981391449   0.051767418792   0.068748810240   0.065319186671   0.082300578120  -0.036978741206  17.024747840148   0.880935850196  -0.171720291660  -0.027050881530   1.160079012222  -0.023386574054  -0.661347456715  -0.038042313057   0.023386574054  -0.661347456715   0.038042313057   0.000000000000
 -8.000000000000   0.600000000000  13.000000000000  10.000000000000   1.267354843977   0.017966136025   0.066827872423   0.084794008449   0.071858184758   0.089824320783  -0.020927276982  14.946278247268   0.837430961052  -0.200438257785  -0.008922569063   1.254416664398  -0.024420594483  -0.689249756845  -0.031956056469   0.024420594483  -0.689249756845   0.031956056469   0.000000000000
 -8.000000000000   0.600000000000  14.000000000000  10.000000000000   1.360513932467   0.019182995717   0.077533641887   0.096716637603   0.080742354503   0.099925350219  -0.021104833529  14.067010249562   0.846101604638  -0.233357673246  -0.007439088370   1.343981599102  -0.026118569194  -0.728182308790  -0.029947063423   0.026118569194  -0.728182308790   0.029947063423   0.000000000000
 -8.000000000000   0.600000000000  15.000000000000  10.000000000000   1.455526191014   0.020556898949   0.087545545064   0.108102444013   0.093201921231   0.113758820180  -0.028673516134  13.464322701535   0.866407609066  -0.269460547928  -0.013349515091   1.434669859311  -0.027558952539  -0.801229134773  -0.030407150849   0.027558952539  -0.801229134773   0.030407150849   0.000000000000
 -8.000000000000   0.600000000000  16.000000000000  10.000000000000   1.541657099829   0.022003445485   0.097344487416   0.119347932901   0.108599328527   0.130602774012  -0.043354493256  12.917333902304   0.880396676508  -0.305530141181  -0.026322548393   1.516175653051  -0.030370026264  -0.866837148847  -0.035395466695   0.030370026264  -0.866837148847   0.035395466695   0.000000000000
 -8.000000000000   0.600000000000  17.000000000000  10.000000000000   1.635243871853   0.023370410699   0.114901564640   0.138271975339   0.119138879857   0.142509290556  -0.039379107709  11.826285607323   0.854965547994  -0.341914705324  -0.019752133356   1.605427220783  -0.031804137555  -0.927704130704  -0.035216484311   0.031804137555  -0.927704130704   0.035216484311   0.000000000000
 -8.000000000000   0.600000000000  18.000000000000  10.000000000000   1.726060760893   0.024920660829   0.127024213563   0.151944874392   0.133877295348   0.158797956177  -0.047192053229  11.359782735646   0.866849745831  -0.384033878814  -0.025586144067   1.690107515572  -0.032913025540  -0.983074452260  -0.036901946140   0.032913025540  -0.983074452260   0.036901946140   0.000000000000
 -8.000000000000   0.600000000000  19.000000000000  10.000000000000   1.817653067808   0.026445420175   0.144039638827   0.170485059002   0.142022295888   0.168467716063  -0.047509661447  10.661656091435   0.856748562800  -0.425890088576  -0.023320366359   1.775741758013  -0.034066749172  -1.035947839613  -0.034951415141   0.034066749172  -1.035947839613   0.034951415141   0.000000000000
 -8.000000000000   0.600000000000  20.000000000000  10.000000000000   1.908260399990   0.028027385645   0.159478878215   0.187506263860   0.160256314109   0.188283699754  -0.048533855937  10.177048812676   0.858572979966  -0.471832737715  -0.021965699596   1.858995229684  -0.035503537220  -1.060860043816  -0.031776480970   0.035503537220  -1.060860043816   0.031776480970   0.000000000000
 -8.000000000000   0.600000000000  21.000000000000  10.000000000000   1.996186750055   0.029705754005   0.177357196872   0.207062950877   0.175495982249   0.205201736254  -0.052058942116   9.640482479372   0.850780759027  -0.517176732348  -0.022734715103   1.939679896380  -0.037211043224  -1.109266296241  -0.029984620984   0.037211043224  -1.109266296241   0.029984620984   0.000000000000
 -8.000000000000   0.600000000000  22.000000000000  10.000000000000   2.083435326173   0.031377319017   0.195882361290   0.227259680307   0.189673934145   0.221051253162  -0.052822165937   9.167641718745   0.844413906784  -0.564991611433  -0.020679669818   2.018785955003  -0.038451583745  -1.165067979561  -0.030433837575   0.038451583745  -1.165067979561   0.030433837575   0.000000000000
 -8.000000000000   0.600000000000  23.000000000000  10.000000000000   2.169996803014   0.033111230025   0.213898793243   0.247010023269   0.204551332453   0.237662562478  -0.057077597713   8.785055660079   0.842793801177  -0.615411978445  -0.022144971550   2.096171659447  -0.039583757862  -1.194065738765  -0.034139455920   0.039583757862  -1.194065738765   0.034139455920   0.000000000000
 -8.000000000000   0.600000000000  24.000000000000  10.000000000000   2.256900472189   0.034955718183   0.229427716256   0.264383434439   0.224396596378   0.259352314561  -0.070783101278   8.536467033114   0.851742456879  -0.669788922377  -0.033299182588   2.172275892491  -0.041152148560  -1.220086728706  -0.023560906688   0.041152148560  -1.220086728706   0.023560906688   0.000000000000
 -8.000000000000   0.600000000000  25.000000000000  10.000000000000   2.337544651813   0.036744395180   0.249021616709   0.285766011889   0.241114960447   0.277859355628  -0.075783972420   8.179925374461   0.845331355501  -0.721858677413  -0.035275505987   2.242586924016  -0.043176709925  -1.276326438531  -0.034975658624   0.043176709925  -1.276326438531   0.034975658624   0.000000000000
 -8.000000000000   0.600000000000  26.000000000000  10.000000000000   2.422374840213   0.038587738766   0.267002966265   0.305590705031   0.257443833819   0.296031572586  -0.082567322905   7.926860340745   0.848907313169  -0.779580955306  -0.039233777350   2.314911910452  -0.043933418376  -1.317881106297  -0.038702542914   0.043933418376  -1.317881106297   0.038702542914   0.000000000000
 -8.000000000000   0.600000000000  27.000000000000  10.000000000000   2.507232754276   0.040490526451   0.286173326847   0.326663853298   0.271734411714   0.312224938165  -0.088219877757   7.675268411126   0.850757812804  -0.839093168674  -0.041898506536   2.386393780044  -0.045271198513  -1.394827842309  -0.035256588647   0.045271198513  -1.394827842309   0.035256588647   0.000000000000
 -8.000000000000   0.600000000000  28.000000000000  10.000000000000   2.591346127112   0.042333926898   0.306172080341   0.348506007239   0.289454139372   0.331788066270  -0.088339017961   7.435585250437   0.851840538948  -0.900990088927  -0.038976646980   2.455816086420  -0.046898342303  -1.438496353723  -0.032990503222   0.046898342303  -1.438496353723   0.032990503222   0.000000000000
 -8.000000000000   0.600000000000  29.000000000000  10.000000000000   2.668694354226   0.044204177029   0.329771278982   0.373975456011   0.308457641084   0.352661818114  -0.091332812644   7.136014707199   0.841922846087  -0.958788221055  -0.038396644094   2.519797556457  -0.048020778630  -1.416424717486  -0.033909517026   0.048020778630  -1.416424717486   0.033909517026   0.000000000000
 -8.000000000000   0.600000000000  30.000000000000  10.000000000000   2.745734881675   0.046066533961   0.350211721013   0.396278254974   0.326763821571   0.372830355533  -0.096433811001   6.928805321039   0.841074916896  -1.021397357242  -0.040344050194   2.580797506964  -0.049546328226  -1.455820602988  -0.027505811384   0.049546328226  -1.455820602988   0.027505811384   0.000000000000
 -7.000000000000   0.600000000000 -10.000000000000  10.000000000000  -0.976630753619   0.014638341328   0.034817829725   0.049456171053   0.044498486151   0.059136827479  -0.022834841881 -19.747399218983   0.852624922741  -0.118507779099  -0.016637443338  -0.970800738332   0.007038831839   0.348139351994  -0.018763700706  -0.007038831839   0.348139351994   0.018763700706   0.000000000000
 -7.000000000000   0.600000000000  -9.000000000000  10.000000000000  -0.881122859184   0.013660961472   0.030954988684   0.044615950156   0.036816900047   0.050477861519  -0.009270344669 -19.749055126995   0.769308465955  -0.092983934027  -0.003763928375  -0.877378958108   0.004817169369   0.378503564593  -0.022584547968  -0.004817169369   0.378503564593   0.022584547968   0.000000000000
 -7.000000000000   0.600000000000  -8.000000000000  10.000000000000  -0.779462060243   0.012854093788   0.021611628141   0.034465721928   0.029750803455   0.042604897243  -0.013958843170 -22.615573289514   0.779328042289  -0.072919650695  -0.009654481168  -0.776874091591   0.003417444680   0.326818336429  -0.030441999962  -0.003417444680   0.326818336429   0.030441999962   0.000000000000
 -7.000000000000   0.600000000000  -7.000000000000  10.000000000000  -0.681398253174   0.012368435233   0.005760301304   0.018128736537   0.026513702722   0.038882137956  -0.031274839406 -37.586637755021   1.132275774554  -0.061399037434  -0.028832384277  -0.678976581272   0.002704382594   0.213609742557  -0.036147549392  -0.002704382594   0.213609742557   0.036147549392   0.000000000000
 -7.000000000000   0.600000000000  -6.000000000000  10.000000000000  -0.580651203789   0.011707383339   0.001766379465   0.013473762804   0.019686585837   0.031393969176  -0.026966181905 -43.094955152824   1.106265796428  -0.044126159207  -0.025123141448  -0.579211746730   0.000395145063   0.093536493525  -0.039768150372  -0.000395145063   0.093536493525   0.039768150372   0.000000000000
 -7.000000000000   0.600000000000  -5.000000000000  10.000000000000  -0.483629406022   0.011227036886  -0.004075877434   0.007151159452   0.015983655442   0.027210692327  -0.029268344180 -67.629509490614   1.445994556638  -0.031526893083  -0.028178675274  -0.482718546043  -0.001431219393   0.209079079472  -0.033037200745   0.001431219393   0.209079079472   0.033037200745   0.000000000000
 -7.000000000000   0.600000000000  -4.000000000000  10.000000000000  -0.381607426861   0.010767715347  -0.008183912063   0.002583803284   0.012785570830   0.023553286176  -0.028173168371 -147.692136327595   2.491677968068  -0.020636209716  -0.027648283437  -0.381096248949  -0.002265057009   0.092507146720  -0.044035246429   0.002265057009   0.092507146720   0.044035246429   0.000000000000
 -7.000000000000   0.600000000000  -3.000000000000  10.000000000000  -0.287267545372   0.010468950328  -0.011251286735  -0.000782336407   0.009918384058   0.020387334385  -0.029588617665 367.191840752684  -4.663342430887  -0.012208858917  -0.029463411420  -0.287021936655  -0.003631693822   0.027871917602  -0.045062906299   0.003631693822   0.027871917602   0.045062906299   0.000000000000
 -7.000000000000   0.600000000000  -2.000000000000  10.000000000000  -0.189121865031   0.010126502530  -0.010105256203   0.000021246326   0.006888059072   0.017014561602  -0.020810265299 -8901.391305613384  74.424745173751  -0.004044594368  -0.020652559462  -0.189095902838  -0.004389110733   0.001394358356  -0.040821837402   0.004389110733   0.001394358356   0.040821837402   0.000000000000
 -7.000000000000   0.600000000000  -1.000000000000  10.000000000000  -0.091196372073   0.010090857925  -0.012415227967  -0.002324370042   0.007664146329   0.017755004254  -0.030770631669  39.234876723979  -0.158185829207  -0.000148863783  -0.030824541497  -0.091207665411  -0.007062252613  -0.052450885947  -0.031244756958   0.007062252613  -0.052450885947   0.031244756958   0.000000000000
 -7.000000000000   0.600000000000   0.000000000000  10.000000000000   0.002530963421   0.009918726041  -0.009546654217   0.000372071823   0.007431505959   0.017350232000  -0.017545400321   6.802351755102   0.000761136722   0.002507544873  -0.017369275419   0.002530963421  -0.006242823998  -0.034714471923  -0.026037952691   0.006242823998  -0.034714471923   0.026037952691   0.000000000000
 -7.000000000000   0.600000000000   1.000000000000  10.000000000000   0.106001276718   0.010056514002  -0.011117728023  -0.001061214022   0.007427827865   0.017484341867  -0.024336207013 -99.886803755446  -0.468098159812   0.000062265024  -0.024284138072   0.106018510525  -0.007048869786  -0.131599929834  -0.024661268063   0.007048869786  -0.131599929834   0.024661268063   0.000000000000
 -7.000000000000   0.600000000000   2.000000000000  10.000000000000   0.203729644780   0.010159640647  -0.006868733166   0.003290907481   0.008125520258   0.018285160906  -0.019619547788  61.906828423805   0.557584258246  -0.001456109438  -0.019072245920   0.203802978561  -0.008108389320  -0.164080136829  -0.021905007319   0.008108389320  -0.164080136829   0.021905007319   0.000000000000
 -7.000000000000   0.600000000000   3.000000000000  10.000000000000   0.300644627120   0.010308496763  -0.001207450220   0.009101046544   0.008657439736   0.018965936499  -0.006177069970  33.034072034833   0.439069509855  -0.005961931244  -0.005021888461   0.300744763994  -0.009383333234  -0.170430996157  -0.025000917811   0.009383333234  -0.170430996157   0.025000917811   0.000000000000
 -7.000000000000   0.600000000000   4.000000000000  10.000000000000   0.401860112158   0.010932564743  -0.006309237026   0.004623327718   0.017284217064   0.028216781807  -0.034281770725  86.920100997906   1.544233055504  -0.019286936734  -0.033462797691   0.401492739597  -0.012119630272  -0.316605700381  -0.037859339360   0.012119630272  -0.316605700381   0.037859339360   0.000000000000
 -7.000000000000   0.600000000000   5.000000000000  10.000000000000   0.494038611752   0.011190373948   0.002248836507   0.013439210455   0.022299366593   0.033489740541  -0.019803987841  36.760984837163   0.802907938059  -0.027365709694  -0.018018544164   0.493531569621  -0.011609960773  -0.316038599384  -0.024973520871   0.011609960773  -0.316038599384   0.024973520871   0.000000000000
 -7.000000000000   0.600000000000   6.000000000000  10.000000000000   0.592967061235   0.011647191357   0.011135424240   0.022782615597   0.020753181129   0.032400372485  -0.006860631830  26.027172284602   0.682299852620  -0.038661493065  -0.004032991317   0.592169802918  -0.013472199693  -0.342858786301  -0.022121126858   0.013472199693  -0.342858786301   0.022121126858   0.000000000000
 -7.000000000000   0.600000000000   7.000000000000  10.000000000000   0.689051214773   0.012445190064   0.009955893943   0.022401084007   0.031122584230   0.043567774294  -0.029555716682  30.759726384511   0.937026108601  -0.058330751573  -0.026605407452   0.687063753409  -0.013688872971  -0.371249494361  -0.028834435960   0.013688872971  -0.371249494361   0.028834435960   0.000000000000
 -7.000000000000   0.600000000000   8.000000000000  10.000000000000   0.788720213233   0.013063531370   0.020557624140   0.033621155510   0.033792642997   0.046856174368  -0.020180622431  23.459045391752   0.817995713445  -0.074287384733  -0.015932810985   0.786031007267  -0.015008903644  -0.457827947401  -0.030434600601   0.015008903644  -0.457827947401   0.030434600601   0.000000000000
 -7.000000000000   0.600000000000   9.000000000000  10.000000000000   0.887700636537   0.013897205381   0.028178695424   0.042075900804   0.037236994614   0.051134199995  -0.021048995391  21.097602655293   0.827975261981  -0.095085218615  -0.015764336967   0.883705917500  -0.016473754791  -0.493969233432  -0.035299149737   0.016473754791  -0.493969233432   0.035299149737   0.000000000000
 -7.000000000000   0.600000000000  10.000000000000  10.000000000000   0.983017314913   0.014806340366   0.035922840600   0.050729180965   0.042490865211   0.057297205577  -0.024324475506  19.377748589843   0.842135946955  -0.118193685803  -0.017960832578   0.977341205751  -0.017795820028  -0.541380183582  -0.032906939626   0.017795820028  -0.541380183582   0.032906939626   0.000000000000
 -7.000000000000   0.600000000000  11.000000000000  10.000000000000   1.077507291564   0.015751525021   0.045725995364   0.061477520385   0.053656834989   0.069408360010  -0.021515834673  17.526850217970   0.834914136068  -0.143125958610  -0.013863233861   1.069853798772  -0.018599690566  -0.599792354817  -0.027648163310   0.018599690566  -0.599792354817   0.027648163310   0.000000000000
 -7.000000000000   0.600000000000  12.000000000000  10.000000000000   1.175504157856   0.016828970797   0.058004538059   0.074833508856   0.066005298999   0.082834269797  -0.019780595832  15.708259252040   0.816337883585  -0.169390478513  -0.010513243681   1.165760562316  -0.020008399028  -0.643996955419  -0.032867352061   0.020008399028  -0.643996955419   0.032867352061   0.000000000000
 -7.000000000000   0.600000000000  13.000000000000  10.000000000000   1.272238808095   0.017989453848   0.069457222577   0.087446676424   0.071546218542   0.089535672390  -0.022678736790  14.548738272493   0.818298380031  -0.198928140143  -0.011852623886   1.259777734963  -0.022418883326  -0.667094460338  -0.022901545041   0.022418883326  -0.667094460338   0.022901545041   0.000000000000
 -7.000000000000   0.600000000000  14.000000000000  10.000000000000   1.362680247076   0.019342466191   0.074097740355   0.093440206546   0.037861487574   0.057203953765  -0.036548087363  14.583446435378   0.878560862339  -0.235351569962  -0.024888166843   1.345717098178  -0.024745606537  -0.738015091315  -0.030818849695   0.024745606537  -0.738015091315   0.030818849695   0.000000000000
 -7.000000000000   0.600000000000  15.000000000000  10.000000000000   1.453947377180   0.020563887083   0.088209100843   0.108772987925   0.096293808286   0.116857695369  -0.033772357305  13.366805536121   0.859199547135  -0.268050212326  -0.020264530656   1.433413249240  -0.025562282918  -0.860033411981  -0.033038916023   0.025562282918  -0.860033411981   0.033038916023   0.000000000000
 -7.000000000000   0.600000000000  16.000000000000  10.000000000000   1.546390343778   0.021926169533   0.102117783090   0.124043952623   0.096262834995   0.118189004528  -0.037176627449  12.466471045812   0.852276243587  -0.303537852456  -0.021782363446   1.521670923659  -0.026185641512  -0.892649700365  -0.033183063246   0.026185641512  -0.892649700365   0.033183063246   0.000000000000
 -7.000000000000   0.600000000000  17.000000000000  10.000000000000   1.640866048270   0.023397490803   0.116576014537   0.139973505340   0.118081105472   0.141478596275  -0.038467287328  11.722690264041   0.850389991968  -0.342400086634  -0.021122078811   1.611157888358  -0.027518899142  -0.919089194356  -0.030868351217   0.027518899142  -0.919089194356   0.030868351217   0.000000000000
 -7.000000000000   0.600000000000  18.000000000000  10.000000000000   1.733591042694   0.024899359073   0.132118404440   0.157017763513   0.122958392097   0.147857751170  -0.039539538325  11.040731977750   0.846178999436  -0.382906614441  -0.020109164860   1.698391592821  -0.028733097954  -0.965553581879  -0.027418677020   0.028733097954  -0.965553581879   0.027418677020   0.000000000000
 -7.000000000000   0.600000000000  19.000000000000  10.000000000000   1.825681868160   0.026450949733   0.149089747803   0.175540697536   0.143054366807   0.169505316540  -0.038229716713  10.400333904227   0.839440862739  -0.425238853607  -0.016551728652   1.784457421493  -0.030016804905  -1.004728743387  -0.025588409235   0.030016804905  -1.004728743387   0.025588409235   0.000000000000
 -7.000000000000   0.600000000000  20.000000000000  10.000000000000   1.917913703418   0.028111684656   0.162290709742   0.190402394399   0.155255840610   0.183367525266  -0.044749863426  10.072949499793   0.854089612647  -0.473254293281  -0.021212089942   1.868750656712  -0.031022182049  -1.058363707398  -0.030629006991   0.031022182049  -1.058363707398   0.030629006991   0.000000000000
 -7.000000000000   0.600000000000  21.000000000000  10.000000000000   2.005254177493   0.029754855139   0.181481183914   0.211236039053   0.171880378891   0.201635234030  -0.043992872292   9.492954831395   0.841566744416  -0.517877657113  -0.017921758710   1.949123366077  -0.032274123279  -1.092166096686  -0.029624194484   0.032274123279  -1.092166096686   0.029624194484   0.000000000000
 -7.000000000000   0.600000000000  22.000000000000  10.000000000000   2.093021343451   0.031490475951   0.198365336481   0.229855812432   0.186291559188   0.217782035139  -0.051975827875   9.105801246917   0.842576893384  -0.566656527348  -0.023576030997   2.028452137988  -0.032977880368  -1.142643108914  -0.034412782562   0.032977880368  -1.142643108914   0.034412782562   0.000000000000
 -7.000000000000   0.600000000000  23.000000000000  10.000000000000   2.180736523572   0.033295249359   0.214986703492   0.248281952851   0.201387221780   0.234682471139  -0.060179744768   8.783306633958   0.846796322374  -0.618489394692  -0.029473215503   2.106532580630  -0.034554336500  -1.201644603706  -0.032351999593   0.034554336500  -1.201644603706   0.032351999593   0.000000000000
 -7.000000000000   0.600000000000  24.000000000000  10.000000000000   2.267519116308   0.035200394459   0.227761426804   0.262961821263   0.220025733825   0.255226128285  -0.074385625474   8.622997458026   0.864424239187  -0.675564567453  -0.041784181804   2.181327962708  -0.035738739395  -1.273024494329  -0.039054319713   0.035738739395  -1.273024494329   0.039054319713   0.000000000000
 -7.000000000000   0.600000000000  25.000000000000  10.000000000000   2.354934793561   0.037081333879   0.246709743564   0.283791077443   0.235124530738   0.272205864618  -0.083847948301   8.298128379426   0.863926423032  -0.730692429715  -0.048637526137   2.257655576079  -0.037254536743  -1.280317063711  -0.036233304733   0.037254536743  -1.280317063711   0.036233304733   0.000000000000
 -7.000000000000   0.600000000000  26.000000000000  10.000000000000   2.435903013887   0.038813780567   0.269482920125   0.308296700693   0.252235146402   0.291048926970  -0.081768727537   7.901164717012   0.850881007118  -0.783843210909  -0.043587319354   2.327884541773  -0.038601230376  -1.388055026759  -0.031311853586   0.038601230376  -1.388055026759   0.031311853586   0.000000000000
 -7.000000000000   0.600000000000  27.000000000000  10.000000000000   2.516399256323   0.040605499206   0.292206734796   0.332812234002   0.268967555005   0.309573054211  -0.081093761672   7.561017893075   0.841157913779  -0.839288154400  -0.039929692635   2.396582235609  -0.039690486055  -1.368633611882  -0.031526448191   0.039690486055  -1.368633611882   0.031526448191   0.000000000000
 -7.000000000000   0.600000000000  28.000000000000  10.000000000000   2.598889540864   0.042489342188   0.313467826700   0.355957168888   0.288502937380   0.330992279568  -0.083285189577   7.301129933653   0.838871847859  -0.899194050387  -0.039284127950   2.465314501547  -0.041111483745  -1.389775493390  -0.029898574304   0.041111483745  -1.389775493390   0.029898574304   0.000000000000
 -7.000000000000   0.600000000000  29.000000000000  10.000000000000   2.681248078054   0.044411476630   0.335880121526   0.380291598156   0.306369872536   0.350781349167  -0.084838113464   7.050505693666   0.835747309381  -0.960720727101  -0.037859855661   2.533079702071  -0.042387760206  -1.430668093115  -0.027640833056   0.042387760206  -1.430668093115   0.027640833056   0.000000000000
 -7.000000000000   0.600000000000  30.000000000000  10.000000000000   2.760315196838   0.046269263704   0.357185489621   0.403454753325   0.324082866795   0.370352130499  -0.087967915511   6.841697052983   0.834911105028  -1.024075617670  -0.038143450127   2.596087110353  -0.043521545780  -1.473236914028  -0.029316513768   0.043521545780  -1.473236914028   0.029316513768   0.000000000000
 -6.000000000000   0.600000000000 -10.000000000000  10.000000000000  -0.970989505360   0.014503183580   0.039663354831   0.054166538411   0.042391155445   0.056894339025  -0.012266690540 -17.926002543951   0.769512556728  -0.114296414594  -0.006537547306  -0.965815041913   0.004799850303   0.414641457171  -0.022103015084  -0.004799850303   0.414641457171   0.022103015084   0.000000000000
 -6.000000000000   0.600000000000  -9.000000000000  10.000000000000  -0.877986560209   0.013603623294   0.033209124828   0.046812748122   0.034771650884   0.048375274178  -0.004782826821 -18.755287724603   0.727996548452  -0.090870453787   0.000136638627  -0.874538307157   0.003948148492   0.398368672848  -0.022184286879  -0.003948148492   0.398368672848   0.022184286879   0.000000000000
 -6.000000000000   0.600000000000  -8.000000000000  10.000000000000  -0.793777093035   0.012925074077   0.022539559840   0.035464633918   0.029662290129   0.042587364206  -0.020318398799 -22.382215896526   0.785451482261  -0.073442131406  -0.016500028801  -0.791256376530   0.002936437491   0.330859774807  -0.030690093229  -0.002936437491   0.330859774807   0.030690093229   0.000000000000
 -6.000000000000   0.600000000000  -7.000000000000  10.000000000000  -0.684444727850   0.012134120134   0.017896913443   0.030031033577   0.022505801432   0.034639921565  -0.008088234607 -22.791247797198   0.689642800525  -0.052929780790  -0.004904828622  -0.683085828399   0.001654631465   0.302260086779  -0.024162588045  -0.001654631465   0.302260086779   0.024162588045   0.000000000000
 -6.000000000000   0.600000000000  -6.000000000000  10.000000000000  -0.584891396416   0.011594774301   0.006802974740   0.018397749041   0.019172148031   0.030766922332  -0.020878750694 -31.791465092112   0.822059962479  -0.040770599104  -0.018841286278  -0.583827979102   0.001219712237   0.194606933922  -0.032363766510  -0.001219712237   0.194606933922   0.032363766510   0.000000000000
 -6.000000000000   0.600000000000  -5.000000000000  10.000000000000  -0.481054543543   0.011203067559  -0.002244072141   0.008958995418   0.015223929424   0.026426996983  -0.035570289813 -53.695143383813   1.141949894042  -0.029346694656  -0.034438962020  -0.480324590655  -0.001399762732   0.163012651953  -0.035611213070   0.001399762732   0.163012651953   0.035611213070   0.000000000000
 -6.000000000000   0.600000000000  -4.000000000000  10.000000000000  -0.385439620247   0.010739339171  -0.005260733137   0.005478606034   0.011193474736   0.021932813906  -0.030332023162 -70.353593205994   1.198837610232  -0.018288751149  -0.029593190895  -0.385101950454  -0.001541866998   0.112609800822  -0.038408076913   0.001541866998   0.112609800822   0.038408076913   0.000000000000
 -6.000000000000   0.600000000000  -3.000000000000  10.000000000000  -0.285652624972   0.010352061259  -0.005689281376   0.004662779883   0.008908805452   0.019260866712  -0.027221661149 -61.262301058196   0.773658400877  -0.007477482933  -0.026585144826  -0.285652760933  -0.003639884594   0.093535513409  -0.023394800411   0.003639884594   0.093535513409   0.023394800411   0.000000000000
 -6.000000000000   0.600000000000  -2.000000000000  10.000000000000  -0.189669143497   0.010070903331  -0.006728703418   0.003342199913   0.006616350256   0.016687253587  -0.021528610929 -56.749790088973   0.475859412106  -0.001048509718  -0.021061319925  -0.189748140476  -0.004166746747   0.040481733533  -0.028704061193   0.004166746747   0.040481733533   0.028704061193   0.000000000000
 -6.000000000000   0.600000000000  -1.000000000000  10.000000000000  -0.091611787843   0.009927913418  -0.006780896467   0.003147016950   0.005646952036   0.015574865453  -0.020494969590 -29.110675056589   0.117902050017   0.003672435818  -0.020053743156  -0.091689845493  -0.005351770193  -0.000106569753  -0.021925005188   0.005351770193  -0.000106569753   0.021925005188   0.000000000000
 -6.000000000000   0.600000000000   0.000000000000  10.000000000000   0.001897340070   0.009895821107  -0.008846180969   0.001049640138   0.004066859787   0.013962680894  -0.024028483926   1.807610056652   0.000151623895   0.003555550599  -0.023787136106   0.001897340070  -0.005115187595  -0.031116827164  -0.028907408054   0.005115187595  -0.031116827164   0.028907408054   0.000000000000
 -6.000000000000   0.600000000000   1.000000000000  10.000000000000   0.104064257825   0.009890451795  -0.004488218951   0.005402232845   0.005741099511   0.015631551306  -0.011638972801  19.263193722586   0.088623236160   0.004772067492  -0.011010526193   0.104163406478  -0.005958739169  -0.111829167997  -0.024715035103   0.005958739169  -0.111829167997   0.024715035103   0.000000000000
 -6.000000000000   0.600000000000   2.000000000000  10.000000000000   0.202684248342   0.010064742154  -0.004654578610   0.005410163544   0.006765544007   0.016830286161  -0.014624872052  37.463608389179   0.335696895544  -0.000168545677  -0.013979239391   0.202801907625  -0.006745619831  -0.153759481357  -0.024802626565   0.006745619831  -0.153759481357   0.024802626565   0.000000000000
 -6.000000000000   0.600000000000   3.000000000000  10.000000000000   0.301558350884   0.010411546003  -0.005824206644   0.004587339358   0.010943192011   0.021354738013  -0.024454748517  65.737092318877   0.876394354606  -0.008673673498  -0.023841275312   0.301517625314  -0.008513682571  -0.232700288168  -0.025501346464   0.008513682571  -0.232700288168   0.025501346464   0.000000000000
 -6.000000000000   0.600000000000   4.000000000000  10.000000000000   0.398299309846   0.010823321766  -0.004332919711   0.006490402054   0.014743643468   0.025566965234  -0.030513929101  61.367432482739   1.080600660292  -0.018163027605  -0.029668338852   0.398001833551  -0.010187870256  -0.299228548360  -0.030163390108   0.010187870256  -0.299228548360   0.030163390108   0.000000000000
 -6.000000000000   0.600000000000   5.000000000000  10.000000000000   0.496646086033   0.011094298053   0.006157995572   0.017252293625   0.016173890513   0.027268188566  -0.011460974147  28.787249789428   0.632069616985  -0.024999626031  -0.009594833991   0.496356009528  -0.009725865410  -0.287648462144  -0.024376278497   0.009725865410  -0.287648462144   0.024376278497   0.000000000000
 -6.000000000000   0.600000000000   6.000000000000  10.000000000000   0.595154282138   0.011605230891   0.012779883152   0.024385114043   0.020368885893   0.031974116784  -0.006006494634  24.406458837545   0.642173020389  -0.037467474873  -0.003424651930   0.594494568014  -0.011183516832  -0.328572571697  -0.016908811562   0.011183516832  -0.328572571697   0.016908811562   0.000000000000
 -6.000000000000   0.600000000000   7.000000000000  10.000000000000   0.692024705105   0.012377723750   0.012089234402   0.024466958152   0.027236010835   0.039613734585  -0.028525367312  28.284051528087   0.865328365095  -0.057225557199  -0.025811608829   0.690195274941  -0.011845036777  -0.374175297618  -0.028852866066   0.011845036777  -0.374175297618   0.028852866066   0.000000000000
 -6.000000000000   0.600000000000   8.000000000000  10.000000000000   0.796765661454   0.012982062154   0.025910214268   0.038892276422   0.032301251032   0.045283313186  -0.007325914444  20.486475330132   0.721631654132  -0.071827236704  -0.003220432431   0.794501273972  -0.013466727810  -0.446602053621  -0.019584579011   0.013466727810  -0.446602053621   0.019584579011   0.000000000000
 -6.000000000000   0.600000000000   9.000000000000  10.000000000000   0.888747737201   0.013769949419   0.032335630207   0.046105579627   0.037584310441   0.051354259860  -0.007759691216  19.276359703040   0.757392937312  -0.092941172504  -0.002897837429   0.885105653949  -0.013533753948  -0.484588149042  -0.022340649571   0.013533753948  -0.484588149042   0.022340649571   0.000000000000
 -6.000000000000   0.600000000000  10.000000000000  10.000000000000   0.982755608300   0.014778620768   0.037452634352   0.052231255120   0.048311748043   0.063090368811  -0.024939921575  18.815469895388   0.817482229927  -0.116930430305  -0.019343645243   0.977298207920  -0.015336996850  -0.510665636740  -0.025372762967   0.015336996850  -0.510665636740   0.025372762967   0.000000000000
 -6.000000000000   0.600000000000  11.000000000000  10.000000000000   1.078630707464   0.015752367397   0.047121805919   0.062874173316   0.055771859576   0.071524226973  -0.022141432375  17.155385917156   0.818070992201  -0.142159659464  -0.015447998576   1.071186070831  -0.017038008722  -0.585425581506  -0.025339169490   0.017038008722  -0.585425581506   0.025339169490   0.000000000000
 -6.000000000000   0.600000000000  12.000000000000  10.000000000000   1.175618178402   0.016963134163   0.053174698631   0.070137832794   0.067682156565   0.084645290728  -0.038094436273  16.761541262022   0.871160076981  -0.172300498907  -0.030554351086   1.165258586220  -0.018577837954  -0.714738856002  -0.034047366079   0.018577837954  -0.714738856002   0.034047366079   0.000000000000
 -6.000000000000   0.600000000000  13.000000000000  10.000000000000   1.267808119610   0.017981314654   0.067851147078   0.085832461732   0.076244409525   0.094225724179  -0.026879256404  14.770730024865   0.827891093384  -0.199282703659  -0.017760073702   1.255148643733  -0.018688402264  -0.646888528248  -0.034269258627   0.018688402264  -0.646888528248   0.034269258627   0.000000000000
 -6.000000000000   0.600000000000  14.000000000000  10.000000000000   1.364060081648   0.019215608752   0.080096264258   0.099311873010   0.084775898418   0.103991507170  -0.026694211778  13.735115855798   0.828292154976  -0.231454574254  -0.016167060623   1.348110804650  -0.020060153497  -0.732193031706  -0.028704848827   0.020060153497  -0.732193031706   0.028704848827   0.000000000000
 -6.000000000000   0.600000000000  15.000000000000  10.000000000000   1.459088284306   0.020568779036   0.091385897266   0.111954676302   0.095234106402   0.115802885438  -0.033409789092  13.032848046237   0.840695307392  -0.266719047446  -0.021524316502   1.439092192488  -0.021348100357  -0.791167502251  -0.027417791771   0.021348100357  -0.791167502251   0.027417791771   0.000000000000
 -6.000000000000   0.600000000000  16.000000000000  10.000000000000   1.555817538314   0.021935352752   0.107607501007   0.129542853760   0.106272193873   0.128207546625  -0.027028521843  12.010060710862   0.826079009295  -0.302283203325  -0.013339541341   1.531837793666  -0.022474195051  -0.886387197341  -0.016036372427   0.022474195051  -0.886387197341   0.016036372427   0.000000000000
 -6.000000000000   0.600000000000  17.000000000000  10.000000000000   1.648979551207   0.023410918159   0.121269956000   0.144680874160   0.118204386894   0.141615305054  -0.031012203582  11.397356843346   0.830877765357  -0.341413886560  -0.015719046045   1.619943623116  -0.023783942693  -0.865174103265  -0.022872509529   0.023783942693  -0.865174103265   0.022872509529   0.000000000000
 -6.000000000000   0.600000000000  18.000000000000  10.000000000000   1.741765185389   0.024938704668   0.136269019939   0.161207724607   0.132491945572   0.157430650240  -0.033430504936  10.804477202521   0.831976547669  -0.382433866424  -0.016396573412   1.707140000223  -0.024817905048  -0.965650664120  -0.026609390868   0.024817905048  -0.965650664120   0.026609390868   0.000000000000
 -6.000000000000   0.600000000000  19.000000000000  10.000000000000   1.832983701593   0.026507242831   0.151428813305   0.177936056136   0.144568568584   0.171075811415  -0.034398333921  10.301361856601   0.834777947126  -0.426041209667  -0.015610513741   1.791903718195  -0.025764989098  -0.996077892357  -0.023837929373   0.025764989098  -0.996077892357   0.023837929373   0.000000000000
 -6.000000000000   0.600000000000  20.000000000000  10.000000000000   1.928134483177   0.028159517464   0.163955825591   0.192115343054   0.160213414781   0.188372932245  -0.038519917912  10.036337819362   0.855520290099  -0.476136816344  -0.018227380191   1.878578230754  -0.026742703865  -1.049605090453  -0.026145639260   0.026742703865  -1.049605090453   0.026145639260   0.000000000000
 -6.000000000000   0.600000000000  21.000000000000  10.000000000000   2.013316245438   0.029812895509   0.185293020285   0.215105915794   0.172425166008   0.202238061516  -0.037182902653   9.359650746981   0.833085091382  -0.518160927156  -0.014494520004   1.957650272613  -0.027809674195  -1.063513947784  -0.023479665232   0.027809674195  -1.063513947784   0.023479665232   0.000000000000
 -6.000000000000   0.600000000000  22.000000000000  10.000000000000   2.101757681242   0.031568496990   0.202278048211   0.233846545201   0.188212371177   0.219780868166  -0.044090083995   8.987764516408   0.835126086355  -0.567428216516  -0.019404933892   2.037562799158  -0.028502723170  -1.134516422203  -0.025920179068   0.028502723170  -1.134516422203   0.025920179068   0.000000000000
 -6.000000000000   0.600000000000  23.000000000000  10.000000000000   2.189461105392   0.033375481309   0.218555168444   0.251930649753   0.204271742763   0.237647224071  -0.054334162282   8.690729403266   0.841223087863  -0.619629637209  -0.027702590387   2.115526616396  -0.029647427623  -1.170462781173  -0.028355918385   0.029647427623  -1.170462781173   0.028355918385   0.000000000000
 -6.000000000000   0.600000000000  24.000000000000  10.000000000000   2.273195608313   0.035163067898   0.236134209540   0.271297277438   0.215130373181   0.250293441079  -0.060893684308   8.378984226373   0.842065554375  -0.672292432454  -0.032201814834   2.188998505156  -0.030834786425  -1.192426038164  -0.032042879030   0.030834786425  -1.192426038164   0.032042879030   0.000000000000
 -6.000000000000   0.600000000000  25.000000000000  10.000000000000   2.360144883119   0.037001204580   0.257957128378   0.294958332957   0.239707921651   0.276709126231  -0.060766351478   8.001621311918   0.834899842535  -0.725825019610  -0.029601925774   2.265673984461  -0.032365226072  -1.229923412597  -0.025540392941   0.032365226072  -1.229923412597   0.025540392941   0.000000000000
 -6.000000000000   0.600000000000  26.000000000000  10.000000000000   2.443418334855   0.038798773000   0.278832932055   0.317631705055   0.252895024394   0.291693797394  -0.060239299660   7.692614735771   0.830978011589  -0.781543075751  -0.026707748459   2.337367953340  -0.032801176863  -1.282902862244  -0.025555600835   0.032801176863  -1.282902862244   0.025555600835   0.000000000000
 -6.000000000000   0.600000000000  27.000000000000  10.000000000000   2.527146410359   0.040637122612   0.300319099303   0.340956221915   0.265431217230   0.306068339841  -0.057291897288   7.411938096230   0.828094515354  -0.839834548130  -0.021338416362   2.408365647052  -0.033896472383  -1.320095746799  -0.022803409355   0.033896472383  -1.320095746799   0.022803409355   0.000000000000
 -6.000000000000   0.600000000000  28.000000000000  10.000000000000   2.608077435675   0.042487374465   0.321918682067   0.364406056533   0.285470652941   0.327958027407  -0.058055208913   7.157063909668   0.825226371803  -0.899071228869  -0.019646371309   2.475785741399  -0.034800193825  -1.370889712662  -0.019054094071   0.034800193825  -1.370889712662   0.019054094071   0.000000000000
 -6.000000000000   0.600000000000  29.000000000000  10.000000000000   2.689226662925   0.044471002368   0.342447298212   0.386918300580   0.304398300364   0.348869302731  -0.069767016376   6.950373396383   0.826329517665  -0.960832126182  -0.028940849990   2.542140300019  -0.036581604462  -1.399493622648  -0.021514771273   0.036581604462  -1.399493622648   0.021514771273   0.000000000000
 -6.000000000000   0.600000000000  30.000000000000  10.000000000000   2.768269864616   0.046316402826   0.365495502364   0.411811905190   0.320996288382   0.367312691208  -0.068648221439   6.722170558283   0.822688968121  -1.023234737213  -0.025226093694   2.605757852077  -0.037581866082  -1.445263966723  -0.021440001162   0.037581866082  -1.445263966723   0.021440001162   0.000000000000
 -5.000000000000   0.600000000000 -10.000000000000  10.000000000000  -0.981182836072   0.014572500635   0.040306255176   0.054878755811   0.042117948425   0.056690449060  -0.015101045894 -17.879101331159   0.775556334642  -0.115245097174  -0.010260583131  -0.975998342846   0.004462977862   0.429261515532  -0.022398558074  -0.004462977862   0.429261515532   0.022398558074   0.000000000000
 -5.000000000000   0.600000000000  -9.000000000000  10.000000000000  -0.889505877536   0.013674682888   0.033455849242   0.047130532129   0.035162281783   0.048836964671  -0.011478038747 -18.873240707200   0.742186451664  -0.091788176199  -0.007326664810  -0.886055861273   0.003454067251   0.418377644176  -0.019571468624  -0.003454067251   0.418377644176   0.019571468624   0.000000000000
 -5.000000000000   0.600000000000  -8.000000000000  10.000000000000  -0.788252125926   0.012955266887   0.020953896466   0.033909163354   0.029074241971   0.042029508858  -0.024639096880 -23.245991583533   0.810085666977  -0.074125569782  -0.021589959360  -0.785581061406   0.002689997943   0.339953179292  -0.026108463097  -0.002689997943   0.339953179292   0.026108463097   0.000000000000
 -5.000000000000   0.600000000000  -7.000000000000  10.000000000000  -0.686811905511   0.012192817454   0.015662052716   0.027854870170   0.022574941131   0.034767758584  -0.021816389643 -24.656797943203   0.748673070991  -0.054272027167  -0.019305659795  -0.685305976019   0.001341060406   0.281153039183  -0.026160288560  -0.001341060406   0.281153039183   0.026160288560   0.000000000000
 -5.000000000000   0.600000000000  -6.000000000000  10.000000000000  -0.586984731121   0.011529459850   0.011315838110   0.022845297960   0.016962908325   0.028492368175  -0.017146870747 -25.693896929983   0.666767623128  -0.037236658393  -0.015090522815  -0.586304276615   0.000128672380   0.254287021251  -0.025785415087  -0.000128672380   0.254287021251   0.025785415087   0.000000000000
 -5.000000000000   0.600000000000  -5.000000000000  10.000000000000  -0.488588342076   0.011038321668   0.002664544487   0.013702866155   0.013639852640   0.024678174307  -0.022360597732 -35.655923116109   0.770180477875  -0.027043063837  -0.021081225429  -0.488088708656   0.000467971990   0.217690744934  -0.037143744574  -0.000467971990   0.217690744934   0.037143744574   0.000000000000
 -5.000000000000   0.600000000000  -4.000000000000  10.000000000000  -0.388743920613   0.010603072114   0.000142558069   0.010745630182   0.009741197438   0.020344269551  -0.020560825989 -36.176930902630   0.621746074514  -0.014651112631  -0.019546042459  -0.388668688049  -0.001755614126   0.150743484917  -0.022649766491   0.001755614126   0.150743484917   0.022649766491   0.000000000000
 -5.000000000000   0.600000000000  -3.000000000000  10.000000000000  -0.289858953243   0.010238432118  -0.001847592541   0.008390839577   0.007061716585   0.017300148703  -0.017416406376 -34.544690144856   0.442675760742  -0.005306731640  -0.016618821836  -0.289978625997  -0.002780011515   0.116748984359  -0.021675081837   0.002780011515   0.116748984359   0.021675081837   0.000000000000
 -5.000000000000   0.600000000000  -2.000000000000  10.000000000000  -0.201490902644   0.009906506967   0.001027265724   0.010933772692   0.003429445255   0.013335952223   0.005959576715 -18.428305427854   0.164156681940   0.003334505156   0.006889839806  -0.201730163760  -0.003019063805   0.091646762927  -0.009737272466   0.003019063805   0.091646762927   0.009737272466   0.000000000000
 -5.000000000000   0.600000000000  -1.000000000000  10.000000000000  -0.095587915626   0.009778839085  -0.001531770308   0.008247068777   0.002841612451   0.012620451536  -0.002911562342 -11.590532129023   0.048980598549   0.006799916477  -0.002181703564  -0.095721169330  -0.004243362062   0.022537500761  -0.014852383732   0.004243362062   0.022537500761   0.014852383732   0.000000000000
 -5.000000000000   0.600000000000   0.000000000000  10.000000000000   0.002563324062   0.009884498831  -0.007217883598   0.002666615233   0.005366454743   0.015250953573  -0.025927884267   0.961265063891   0.000108934237   0.004916231968  -0.025596810008   0.002563324062  -0.005051175602  -0.034744346381  -0.020877537849   0.005051175602  -0.034744346381   0.020877537849   0.000000000000
 -5.000000000000   0.600000000000   1.000000000000  10.000000000000   0.102334929024   0.009798631190  -0.001795695926   0.008002935263   0.003096283662   0.012894914851  -0.001760823675  12.787174412432   0.057851710300   0.006338719178  -0.001056621442   0.102461160258  -0.004980671454  -0.054349154916  -0.019292285254   0.004980671454  -0.054349154916   0.019292285254   0.000000000000
 -5.000000000000   0.600000000000   2.000000000000  10.000000000000   0.200292409408   0.010096603462  -0.005790783384   0.004305820078   0.006272979075   0.016369582537  -0.026274216322  46.516669478562   0.411899082424  -0.000414728293  -0.025798958049   0.200400013873  -0.006302628708  -0.138043396211  -0.025508775704   0.006302628708  -0.138043396211   0.025508775704   0.000000000000
 -5.000000000000   0.600000000000   3.000000000000  10.000000000000   0.298024948951   0.010324451899  -0.003371758896   0.006952693003   0.008087701073   0.018412152972  -0.023888809289  42.864678308760   0.564767780015  -0.006601483402  -0.023191938034   0.298087973212  -0.006777410946  -0.190583756192  -0.023317756054   0.006777410946  -0.190583756192   0.023317756054   0.000000000000
 -5.000000000000   0.600000000000   4.000000000000  10.000000000000   0.396625481772   0.010647760312   0.000542383269   0.011190143581   0.010459804117   0.021107564429  -0.021177212839  35.444181649875   0.621503083242  -0.014705568556  -0.020121341876   0.396565687248  -0.007776255825  -0.240257196885  -0.024752098804   0.007776255825  -0.240257196885   0.024752098804   0.000000000000
 -5.000000000000   0.600000000000   5.000000000000  10.000000000000   0.490923206193   0.011027934891   0.005835615285   0.016863550176   0.014385117701   0.025413052592  -0.013812610204  29.111497939644   0.631823588593  -0.024852056806  -0.012290293811   0.490624179851  -0.007843464855  -0.270847067594  -0.019465341270   0.007843464855  -0.270847067594   0.019465341270   0.000000000000
 -5.000000000000   0.600000000000   6.000000000000  10.000000000000   0.593129428052   0.011602704403   0.011069682560   0.022672386963   0.018209129949   0.029811834352  -0.016484574095  26.160872651416   0.685992582789  -0.038107670263  -0.014445816588   0.592391273218  -0.009537611956  -0.328370084942  -0.020663460143   0.009537611956  -0.328370084942   0.020663460143   0.000000000000
 -5.000000000000   0.600000000000   7.000000000000  10.000000000000   0.692485770709   0.012180802235   0.019194614107   0.031375416342   0.023332775557   0.035513577792  -0.007079315867  22.070966745396   0.675693796197  -0.052757336457  -0.004317829218   0.691208431589  -0.010360472144  -0.370012015243  -0.018091691912   0.010360472144  -0.370012015243   0.018091691912   0.000000000000
 -5.000000000000   0.600000000000   8.000000000000  10.000000000000   0.786549809599   0.012958684430   0.022508168358   0.035466852788   0.030168427340   0.043127111770  -0.016571266436  22.177039905221   0.771165388746  -0.073048307497  -0.013417067867   0.784013414783  -0.010983088311  -0.433604369714  -0.019362771286   0.010983088311  -0.433604369714   0.019362771286   0.000000000000
 -5.000000000000   0.600000000000   9.000000000000  10.000000000000   0.888341413115   0.013809920726   0.031295307280   0.045105228006   0.038258253107   0.052068173833  -0.017448243353  19.694865814747   0.773482791925  -0.093084839693  -0.013450667871   0.884671510335  -0.012290752885  -0.447659109134  -0.018241464414   0.012290752885  -0.447659109134   0.018241464414   0.000000000000
 -5.000000000000   0.600000000000  10.000000000000  10.000000000000   0.985112002374   0.014683654390   0.040921107007   0.055604761397   0.044739393289   0.059423047679  -0.012546413550  17.716324602723   0.771572891321  -0.115434402823  -0.007652396379   0.979954743179  -0.012912510524  -0.526880790563  -0.019432959396   0.012912510524  -0.526880790563   0.019432959396   0.000000000000
 -5.000000000000   0.600000000000  11.000000000000  10.000000000000   1.082274319007   0.015684330199   0.051276608889   0.066960939088   0.052353611067   0.068037941266  -0.011907109811  16.162770919038   0.773340744370  -0.140008416381  -0.006025769282   1.075316038036  -0.013663520435  -0.587230545395  -0.021357096333   0.013663520435  -0.587230545395   0.021357096333   0.000000000000
 -5.000000000000   0.600000000000  12.000000000000  10.000000000000   1.178429301448   0.016764802788   0.060923330836   0.077688133624   0.061030440482   0.077795243271  -0.014541576726  15.168716848693   0.790260178769  -0.168068247127  -0.007715274647   1.169032104314  -0.014747212231  -0.657368692102  -0.024640319083   0.014747212231  -0.657368692102   0.024640319083   0.000000000000
 -5.000000000000   0.600000000000  13.000000000000  10.000000000000   1.274437148496   0.017929658260   0.072954160707   0.090883818967   0.070212361785   0.088142020045  -0.013920347152  14.022706824820   0.790074413971  -0.197286341199  -0.005946329283   1.262412939900  -0.015937425075  -0.668041157580  -0.018906578074   0.015937425075  -0.668041157580   0.018906578074   0.000000000000
 -5.000000000000   0.600000000000  14.000000000000  10.000000000000   1.370432139938   0.019187677564   0.084747921522   0.103935599086   0.080387326046   0.099575003611  -0.015700996404  13.185397034190   0.798855938923  -0.229745247864  -0.006582665036   1.355104117706  -0.016978315122  -0.720641163425  -0.018299935455   0.016978315122  -0.720641163425   0.018299935455   0.000000000000
 -5.000000000000   0.600000000000  15.000000000000  10.000000000000   1.465995097109   0.020539649545   0.096456595189   0.116996244734   0.091708423399   0.112248072944  -0.023099956285  12.530274800206   0.812102476075  -0.264903100274  -0.012815159369   1.446729232844  -0.017921842521  -0.788347526090  -0.018957949409   0.017921842521  -0.788347526090   0.018957949409   0.000000000000
 -5.000000000000   0.600000000000  16.000000000000  10.000000000000   1.561391562427   0.021953740728   0.109764035092   0.131717775820   0.103627337002   0.125581077730  -0.024212204478  11.854068691230   0.818270678039  -0.302215912524  -0.012640109145   1.537655743133  -0.018977139092  -0.837881115855  -0.019930645844   0.018977139092  -0.837881115855   0.019930645844   0.000000000000
 -5.000000000000   0.600000000000  17.000000000000  10.000000000000   1.654530087096   0.023413135238   0.124156477667   0.147569612905   0.115779595432   0.139192730670  -0.025434171823  11.211861673422   0.820106249344  -0.341033396024  -0.012475847900   1.625864100370  -0.019773799251  -0.888624649747  -0.019609723476   0.019773799251  -0.888624649747   0.019609723476   0.000000000000
 -5.000000000000   0.600000000000  18.000000000000  10.000000000000   1.745788214611   0.024931108479   0.139463422738   0.164394531217   0.128236941142   0.153168049621  -0.026603065151  10.619502982749   0.819621740980  -0.381519560888  -0.012173904985   1.711667139354  -0.020059221351  -0.929901568497  -0.020349825457   0.020059221351  -0.929901568497   0.020349825457   0.000000000000
 -5.000000000000   0.600000000000  19.000000000000  10.000000000000   1.840292220158   0.026564403554   0.155127663271   0.181692066825   0.141590231380   0.168154634934  -0.028668929061  10.128632759355   0.824053363350  -0.425638511489  -0.012724328095   1.799772018681  -0.021166848428  -0.976670200442  -0.021585571226   0.021166848428  -0.976670200442   0.021585571226   0.000000000000
 -5.000000000000   0.600000000000  20.000000000000  10.000000000000   1.931095315882   0.028217778632   0.171236516910   0.199454295542   0.155527567436   0.183745346068  -0.029824951156   9.681893842582   0.826574014786  -0.471318326678  -0.012327870940   1.883482869919  -0.022042615180  -1.015949577627  -0.021667259720   0.022042615180  -1.015949577627   0.021667259720   0.000000000000
 -5.000000000000   0.600000000000  21.000000000000  10.000000000000   2.020299853822   0.029869504231   0.188719347675   0.218588851907   0.169341341187   0.199210845419  -0.028674571006   9.242465186125   0.825508172311  -0.518383830670  -0.009514181862   1.965045165129  -0.022882176757  -1.062651837063  -0.020362035631   0.022882176757  -1.062651837063   0.020362035631   0.000000000000
 -5.000000000000   0.600000000000  22.000000000000  10.000000000000   2.107784870935   0.031590033607   0.206446687488   0.238036721095   0.184132538333   0.215722571940  -0.029707845747   8.854872732403   0.825137505452  -0.567325477054  -0.008848531196   2.044104842079  -0.023872470913  -1.092576396031  -0.020479557001   0.023872470913  -1.092576396031   0.020479557001   0.000000000000
 -5.000000000000   0.600000000000  23.000000000000  10.000000000000   2.194927718715   0.033357075603   0.225048238577   0.258405314179   0.199739373658   0.233096449260  -0.029639609304   8.494127629248   0.824245768977  -0.618290475110  -0.007005314555   2.122033769094  -0.024750326458  -1.125565326120  -0.012993725755   0.024750326458  -1.125565326120   0.012993725755   0.000000000000
 -5.000000000000   0.600000000000  24.000000000000  10.000000000000   2.282736422977   0.035233658573   0.243419437735   0.278653096308   0.216455593956   0.251689252529  -0.042982878824   8.192036812866   0.826733212329  -0.671456637297  -0.018533098415   2.199814346992  -0.026158987654  -1.191487320449  -0.019575976601   0.026158987654  -1.191487320449   0.019575976601   0.000000000000
 -5.000000000000   0.600000000000  25.000000000000  10.000000000000   2.368168595355   0.037053712988   0.263256839181   0.300310552169   0.233191274750   0.270244987739  -0.045853636045   7.885732213698   0.825605093950  -0.726071231342  -0.019505359887   2.274412360954  -0.027010216581  -1.236668010276  -0.020647494234   0.027010216581  -1.236668010276   0.020647494234   0.000000000000
 -5.000000000000   0.600000000000  26.000000000000  10.000000000000   2.453803296690   0.038911891270   0.284595159740   0.323507051010   0.250552361021   0.289464252291  -0.041385640320   7.585007155269   0.822836335978  -0.782774860272  -0.013032658149   2.348321500577  -0.027494244305  -1.272142907103  -0.018617086130   0.027494244305  -1.272142907103   0.018617086130   0.000000000000
 -5.000000000000   0.600000000000  27.000000000000  10.000000000000   2.536281079859   0.040741686951   0.306453866700   0.347195553652   0.267482336761   0.308224023712  -0.033679695459   7.305050577929   0.819102648886  -0.840655753202  -0.003291447692   2.418199301421  -0.027767477044  -1.308064253290  -0.015503689210   0.027767477044  -1.308064253290   0.015503689210   0.000000000000
 -5.000000000000   0.600000000000  28.000000000000  10.000000000000   2.619299621977   0.042629918972   0.327493172509   0.370123091481   0.284985030903   0.327614949875  -0.038438610314   7.076833848699   0.819486683498  -0.901172961200  -0.006033986851   2.487378142604  -0.028617143922  -1.342036126542  -0.013776723626   0.028617143922  -1.342036126542   0.013776723626   0.000000000000
 -5.000000000000   0.600000000000  29.000000000000  10.000000000000   2.699152539363   0.044540871863   0.348474136464   0.393015008327   0.303878874783   0.348419746646  -0.048327524023   6.867810343557   0.819527334508  -0.962460558740  -0.013890108242   2.552586436315  -0.029780792219  -1.392314678334  -0.016629635450   0.029780792219  -1.392314678334   0.016629635450   0.000000000000
 -5.000000000000   0.600000000000  30.000000000000  10.000000000000   2.779534984678   0.046434696704   0.370915165662   0.417349862366   0.323308512780   0.369743209484  -0.041524677977   6.659963822481   0.818392679451  -1.026573035983  -0.004992226800   2.616838324584  -0.030908198568  -1.432965879353  -0.013257543169   0.030908198568  -1.432965879353   0.013257543169   0.000000000000
 -4.000000000000   0.600000000000 -10.000000000000  10.000000000000  -0.987195972107   0.014563347924   0.042308140780   0.056871488704   0.041458846213   0.056022194137  -0.012548111146 -17.358363471939   0.757582395144  -0.114691715940  -0.008550390069  -0.982201817240   0.003301992846   0.497140773856  -0.019783753176  -0.003301992846   0.497140773856   0.019783753176   0.000000000000
 -4.000000000000   0.600000000000  -9.000000000000  10.000000000000  -0.889235560382   0.013676443476   0.032554591433   0.046231034909   0.034424103803   0.048100547279  -0.016281586869 -19.234602083496   0.756167050303  -0.092434701844  -0.013017011769  -0.885679774979   0.002738674355   0.386952874379  -0.026781296112  -0.002738674355   0.386952874379   0.026781296112   0.000000000000
 -4.000000000000   0.600000000000  -8.000000000000  10.000000000000  -0.790295196888   0.012824843334   0.026009860597   0.038834703931   0.027490967966   0.040315811299  -0.007909855631 -20.350231027788   0.711011143962  -0.071078350804  -0.005181615615  -0.788072469496   0.001902056399   0.378967224486  -0.021383082357  -0.001902056399   0.378967224486   0.021383082357   0.000000000000
 -4.000000000000   0.600000000000  -7.000000000000  10.000000000000  -0.686649081442   0.012076609556   0.018986205431   0.031062814986   0.021155526238   0.033232135793  -0.008801496487 -22.105178868882   0.671037202256  -0.052315913690  -0.006613224046  -0.685382109704   0.000582572481   0.307720576541  -0.017673404757  -0.000582572481   0.307720576541   0.017673404757   0.000000000000
 -4.000000000000   0.600000000000  -6.000000000000  10.000000000000  -0.589685819537   0.011500946314   0.012463219688   0.023964166002   0.016622044488   0.028122990803  -0.016356441305 -24.606982754574   0.641500161912  -0.036729403122  -0.014644942119  -0.589073558059   0.000078397363   0.256803371085  -0.018788346416  -0.000078397363   0.256803371085   0.018788346416   0.000000000000
 -4.000000000000   0.600000000000  -5.000000000000  10.000000000000  -0.491704801707   0.010998627408   0.006266574492   0.017265201901   0.012556661529   0.023555288937  -0.020042598234 -28.479528043740   0.619091667247  -0.024304510953  -0.018789415869  -0.491456664988  -0.000585288288   0.200692460759  -0.018529753441   0.000585288288   0.200692460759   0.018529753441   0.000000000000
 -4.000000000000   0.600000000000  -4.000000000000  10.000000000000  -0.387971034914   0.010586828855   0.000806037549   0.011392866404   0.009237605546   0.019824434401  -0.026854715457 -34.053856259806   0.584094777422  -0.013857335190  -0.025994572534  -0.387949421368  -0.001821580808   0.165176965609  -0.022547974824   0.001821580808   0.165176965609   0.022547974824   0.000000000000
 -4.000000000000   0.600000000000  -3.000000000000  10.000000000000  -0.293386486945   0.010236580779  -0.002571213661   0.007665367117   0.006413735453   0.016650316232  -0.022393846856 -38.274290383831   0.496437952302  -0.006158472239  -0.021804587591  -0.293466362862  -0.002543974526   0.106888981038  -0.023890233819   0.002543974526   0.106888981038   0.023890233819   0.000000000000
 -4.000000000000   0.600000000000  -2.000000000000  10.000000000000  -0.194030016083   0.009950395077  -0.002300196552   0.007650198525   0.003833800497   0.013784195575  -0.016241565681 -25.362742605643   0.217561906144   0.001987628363  -0.015668351170  -0.194217695485  -0.002863214179   0.076959820919  -0.019823367386   0.002863214179   0.076959820919   0.019823367386   0.000000000000
 -4.000000000000   0.600000000000  -1.000000000000  10.000000000000  -0.101543091088   0.009740731217  -0.000060371857   0.009680359361   0.001415902680   0.011156633897   0.002733832084 -10.489599332649   0.047089816799   0.007692462980   0.003402440340  -0.101692831389  -0.003129433789   0.057810652270  -0.009280814308   0.003129433789   0.057810652270   0.009280814308   0.000000000000
 -4.000000000000   0.600000000000   0.000000000000  10.000000000000   0.003442509988   0.009755793965  -0.003977671346   0.005778122619   0.002600644300   0.012356438266  -0.013929142661   0.595783477498   0.000090673710   0.006735695277  -0.013492150511   0.003442509988  -0.003501037019  -0.013876567068  -0.017698527497   0.003501037019  -0.013876567068   0.017698527497   0.000000000000
 -4.000000000000   0.600000000000   1.000000000000  10.000000000000   0.102174523097   0.009857401162  -0.003711504466   0.006145896696   0.004046137246   0.013903538408  -0.019866616023  16.624835748800   0.075096155433   0.005732414537  -0.019389505863   0.102290146810  -0.004463770270  -0.073599144851  -0.020795971243   0.004463770270  -0.073599144851   0.020795971243   0.000000000000
 -4.000000000000   0.600000000000   2.000000000000  10.000000000000   0.199411174135   0.010008742576  -0.003287969207   0.006720773369   0.004956430341   0.014965172918  -0.021452374057  29.670867201889   0.261575733397   0.001236498524  -0.020931299701   0.199575903559  -0.005031171523  -0.139489274649  -0.021672926290   0.005031171523  -0.139489274649   0.021672926290   0.000000000000
 -4.000000000000   0.600000000000   3.000000000000  10.000000000000   0.296703542840   0.010228737944  -0.000461463140   0.009767274804   0.006816240931   0.017044978875  -0.017201264695  30.377310846032   0.398464631501  -0.004599879377  -0.016478032630   0.296869653296  -0.005170259972  -0.178069343595  -0.020661233385   0.005170259972  -0.178069343595   0.020661233385   0.000000000000
 -4.000000000000   0.600000000000   4.000000000000  10.000000000000   0.395680865766   0.010576594340   0.002890690295   0.013467284635   0.003732603983   0.014309198323  -0.016855151860  29.380894254491   0.513958177697  -0.013026656757  -0.015874663270   0.395736165535  -0.005919176007  -0.219040624263  -0.019688530752   0.005919176007  -0.219040624263   0.019688530752   0.000000000000
 -4.000000000000   0.600000000000   5.000000000000  10.000000000000   0.493984805511   0.011029983139   0.007455946496   0.018485929635   0.011692429144   0.022722412284  -0.018535628374  26.722205226702   0.583584309756  -0.023394827084  -0.017200963249   0.493824965062  -0.006401262714  -0.270596967789  -0.021518050005   0.006401262714  -0.270596967789   0.021518050005   0.000000000000
 -4.000000000000   0.600000000000   6.000000000000  10.000000000000   0.597967743870   0.011682483363   0.013384897708   0.025067381071   0.018769722223   0.030452205586  -0.031196368910  23.854416310258   0.630614965561  -0.035471090869  -0.029371764014   0.597533355494  -0.007456318499  -0.364196875144  -0.034093942103   0.007456318499  -0.364196875144   0.034093942103   0.000000000000
 -4.000000000000   0.600000000000   7.000000000000  10.000000000000   0.695592854886   0.012181708804   0.018866624371   0.031048333175   0.021906387663   0.034088096467  -0.008460513964  22.403549039884   0.688953095377  -0.053443832783  -0.006274082340   0.694254558276  -0.008631478312  -0.374305117626  -0.016012788508   0.008631478312  -0.374305117626   0.016012788508   0.000000000000
 -4.000000000000   0.600000000000   8.000000000000  10.000000000000   0.792262437095   0.012873706241   0.027436984590   0.040310690831   0.027406815288   0.040280521529   0.001094662997  19.653903735184   0.688391677765  -0.070516086079   0.003903928100   0.790138064052  -0.008366228809  -0.409370455537  -0.012620708596   0.008366228809  -0.409370455537   0.012620708596   0.000000000000
 -4.000000000000   0.600000000000   9.000000000000  10.000000000000   0.892502421501   0.013721884005   0.035163398857   0.048885282863   0.034091968736   0.047813852741  -0.000756683381  18.257077984213   0.720374605828  -0.091400197227   0.002655224812   0.889151207368  -0.009732674335  -0.463265957025  -0.012608366006   0.009732674335  -0.463265957025   0.012608366006   0.000000000000
 -4.000000000000   0.600000000000  10.000000000000  10.000000000000   0.988747885694   0.014649660480   0.044007286634   0.058656947113   0.041853929478   0.056503589958  -0.003158743759  16.856449821466   0.736833565119  -0.113852171539   0.000940652573   0.983925705925  -0.009580116215  -0.542695859019  -0.018825716359   0.009580116215  -0.542695859019   0.018825716359   0.000000000000
 -4.000000000000   0.600000000000  11.000000000000  10.000000000000   1.087811713411   0.015652441852   0.054138092013   0.069790533865   0.049936874980   0.065589316832  -0.000374127311  15.586808886115   0.749598420209  -0.139197239433   0.004495125588   1.081114750987  -0.010784584938  -0.559143958771  -0.012380120939   0.010784584938  -0.559143958771   0.012380120939   0.000000000000
 -4.000000000000   0.600000000000  12.000000000000  10.000000000000   1.183741941811   0.016748766158   0.064604550927   0.081353317085   0.058972602964   0.075721369122   0.000167007062  14.550629085912   0.761476538396  -0.166743473988   0.005841520769   1.174745021446  -0.011489745713  -0.604632443129  -0.011646283118   0.011489745713  -0.604632443129   0.011646283118   0.000000000000
 -4.000000000000   0.600000000000  13.000000000000  10.000000000000   1.280734127797   0.017961285662   0.075507284171   0.093468569833   0.068760136659   0.086721422321  -0.006364835149  13.702297254389   0.775836287025  -0.196818756071   0.000170707107   1.268983506155  -0.012680457448  -0.658072058699  -0.013809329034   0.012680457448  -0.658072058699   0.013809329034   0.000000000000
 -4.000000000000   0.600000000000  14.000000000000  10.000000000000   1.376422395874   0.019206602308   0.086895306084   0.106101908392   0.078578474815   0.097785077122  -0.010716474287  12.972645042215   0.789401571711  -0.229561930253  -0.003289074507   1.361323463331  -0.013295723339  -0.694416951346  -0.013693662517   0.013295723339  -0.694416951346   0.013693662517   0.000000000000
 -4.000000000000   0.600000000000  15.000000000000  10.000000000000   1.472676279541   0.020541745068   0.100161122188   0.120702867256   0.089543515914   0.110085260983  -0.012022734666  12.200839242865   0.794355154235  -0.264040572241  -0.003573641498   1.453877215563  -0.014244141722  -0.869062842440  -0.010137544444   0.014244141722  -0.869062842440   0.010137544444   0.000000000000
 -4.000000000000   0.600000000000  16.000000000000  10.000000000000   1.565399415303   0.021945680854   0.112549431886   0.134495112740   0.101302609598   0.123248290452  -0.017555757937  11.639080286322   0.805492595389  -0.301335299461  -0.008131088192   1.542077621951  -0.014729424423  -0.831143296347  -0.015321751501   0.014729424423  -0.831143296347   0.015321751501   0.000000000000
 -4.000000000000   0.600000000000  17.000000000000  10.000000000000   1.659494690841   0.023424066296   0.127395255675   0.150819321971   0.113432731685   0.136856797981  -0.018492377151  11.003196866021   0.807258212354  -0.340077794243  -0.007926706577   1.631347702364  -0.015393006311  -0.852872071235  -0.017741080691   0.015393006311  -0.852872071235   0.017741080691   0.000000000000
 -4.000000000000   0.600000000000  18.000000000000  10.000000000000   1.753399037782   0.024964850816   0.142882346911   0.167847197727   0.125720071832   0.150684922648  -0.018993650005  10.446400425688   0.809776471729  -0.381326702046  -0.007238953787   1.719732296049  -0.015885283842  -0.909453886497  -0.014311182341   0.015885283842  -0.909453886497   0.014311182341   0.000000000000
 -4.000000000000   0.600000000000  19.000000000000  10.000000000000   1.844693331862   0.026554452718   0.158490495345   0.185044948062   0.138964008399   0.165518461117  -0.019556851458   9.968893240157   0.812996814909  -0.424746277506  -0.006601128890   1.804733946237  -0.016626237276  -0.952003137077  -0.014027629046   0.016626237276  -0.952003137077   0.014027629046   0.000000000000
 -4.000000000000   0.600000000000  20.000000000000  10.000000000000   1.939815031315   0.028180274353   0.178003472994   0.206183747348   0.152424047996   0.180604322349   0.002390972097   9.408185932535   0.806833520912  -0.470335160165   0.016767798967   1.893120040611  -0.016869178481  -0.997675729792  -0.006310628520   0.016869178481  -0.997675729792   0.006310628520   0.000000000000
 -4.000000000000   0.600000000000  21.000000000000  10.000000000000   2.026601915337   0.029888759131   0.192850343015   0.222739102146   0.167021909187   0.196910668318  -0.019199327522   9.098545768615   0.815188705876  -0.517580527054  -0.003615064594   1.972103946138  -0.018078128129  -1.042393103088  -0.011665268494   0.018078128129  -1.042393103088   0.011665268494   0.000000000000
 -4.000000000000   0.600000000000  22.000000000000  10.000000000000   2.115211823401   0.031651438060   0.210628244667   0.242279682728   0.182442321860   0.214093759921  -0.022660111871   8.730454818118   0.816410263356  -0.566816102036  -0.005704336650   2.052320869213  -0.019077845836  -1.093005069498  -0.013175465461   0.019077845836  -1.093005069498   0.013175465461   0.000000000000
 -4.000000000000   0.600000000000  23.000000000000  10.000000000000   2.203534821077   0.033435208263   0.228994674879   0.262429883141   0.198013362159   0.231448570422  -0.024066216820   8.396661213651   0.817982984647  -0.618464793640  -0.005701409472   2.131310190239  -0.019896674504  -1.135661852113  -0.012428592516   0.019896674504  -1.135661852113   0.012428592516   0.000000000000
 -4.000000000000   0.600000000000  24.000000000000  10.000000000000   2.291190551229   0.035273857296   0.248468771769   0.283742629065   0.214249528119   0.249523385415  -0.024659774101   8.074890117083   0.817928897306  -0.671759328818  -0.004806818877   2.208933775532  -0.020811687926  -1.181883981846  -0.011393721383   0.020811687926  -1.181883981846   0.011393721383   0.000000000000
 -4.000000000000   0.600000000000  25.000000000000  10.000000000000   2.376282569957   0.037105569565   0.268144092014   0.305249661579   0.230902348283   0.268007917848  -0.026852353007   7.784718114547   0.817821822663  -0.726586541501  -0.005493802021   2.283124848291  -0.021022163500  -1.223635617165  -0.012816578307   0.021022163500  -1.223635617165   0.012816578307   0.000000000000
 -4.000000000000   0.600000000000  26.000000000000  10.000000000000   2.461057769032   0.038991695838   0.288576923140   0.327568618978   0.247589710708   0.286581406546  -0.027553869217   7.513106037789   0.817445952379  -0.783429639614  -0.004636717607   2.356073483359  -0.021343179836  -1.254259244209  -0.012223082494   0.021343179836  -1.254259244209   0.012223082494   0.000000000000
 -4.000000000000   0.600000000000  27.000000000000  10.000000000000   2.545985404874   0.040923881475   0.309779465767   0.350703347242   0.265342356247   0.306266237722  -0.029261239701   7.259655275309   0.817127129217  -0.842316711230  -0.004726131958   2.428244419618  -0.022375239049  -1.304211281346  -0.011721530258   0.022375239049  -1.304211281346   0.011721530258   0.000000000000
 -4.000000000000   0.600000000000  28.000000000000  10.000000000000   2.625902970909   0.042763473844   0.331237520856   0.374000994701   0.283025006403   0.325788480248  -0.028459815672   7.021112264715   0.815083896733  -0.901615023441  -0.002301498424   2.494621849176  -0.022496055191  -1.338475993440  -0.011425637312   0.022496055191  -1.338475993440   0.011425637312   0.000000000000
 -4.000000000000   0.600000000000  29.000000000000  10.000000000000   2.707369647095   0.044674565296   0.351424968853   0.396099534149   0.302710066127   0.347384631423  -0.032728942951   6.835074050044   0.818103971328  -0.964969488257  -0.005018710137   2.560590777526  -0.024213293940  -1.390281740852  -0.011230220440   0.024213293940  -1.390281740852   0.011230220440   0.000000000000
 -4.000000000000   0.600000000000  30.000000000000  10.000000000000   2.786254951931   0.046559055464   0.373708121340   0.420267176804   0.321917705161   0.368476760625  -0.033956845067   6.629722961284   0.816646218383  -1.028000654905  -0.004557771615   2.623773638220  -0.024376276927  -1.429395186028  -0.011457057901   0.024376276927  -1.429395186028   0.011457057901   0.000000000000
 -3.000000000000   0.600000000000 -10.000000000000  10.000000000000  -0.988319992045   0.014588430839   0.042201806824   0.056790237663   0.041139667568   0.055728098406  -0.019073652142 -17.402990949119   0.760394901180  -0.114786073525  -0.016075340971  -0.983326539209   0.002176700626   0.508432730933  -0.017728463573  -0.002176700626   0.508432730933   0.017728463573   0.000000000000
 -3.000000000000   0.600000000000  -9.000000000000  10.000000000000  -0.889695959880   0.013645019303   0.034650828290   0.048295847593   0.033625264103   0.047270283407  -0.013012623820 -18.421789951185   0.724588047386  -0.090870595340  -0.010467181105  -0.886393643549   0.001488927420   0.436670453124  -0.015934121623  -0.001488927420   0.436670453124   0.015934121623   0.000000000000
 -3.000000000000   0.600000000000  -8.000000000000  10.000000000000  -0.793682987896   0.012789934413   0.029162058945   0.041951993358   0.026399212307   0.039189146719   0.020333932592 -18.918838519177   0.663833649885  -0.070026376512   0.022501663333  -0.791641399610   0.001374713597   0.395682931531  -0.005098177519  -0.001374713597   0.395682931531   0.005098177519   0.000000000000
 -3.000000000000   0.600000000000  -7.000000000000  10.000000000000  -0.694931199011   0.012078367496   0.020726552699   0.032804920196   0.021024366938   0.033102734434  -0.005272254391 -21.183749110450   0.650822194999  -0.051901162787  -0.003548152082  -0.693777349538   0.000603112134   0.333988594726  -0.012943740030  -0.000603112134   0.333988594726   0.012943740030   0.000000000000
 -3.000000000000   0.600000000000  -6.000000000000  10.000000000000  -0.594529525371   0.011449741117   0.014894408616   0.026344149733   0.016007782320   0.027457523437  -0.007760998182 -22.567800874172   0.593171654795  -0.035577375723  -0.006371615736  -0.594065027338   0.000171514524   0.279518863758  -0.013237407788  -0.000171514524   0.279518863758   0.013237407788   0.000000000000
 -3.000000000000   0.600000000000  -5.000000000000  10.000000000000  -0.495335890800   0.010911514637   0.009882974207   0.020794488844   0.011404773699   0.022316288336  -0.006857217136 -23.820536994904   0.521637813625  -0.022126884244  -0.005759520100  -0.495292141902  -0.000263020608   0.239418797135  -0.011088854684   0.000263020608   0.239418797135   0.011088854684   0.000000000000
 -3.000000000000   0.600000000000  -4.000000000000  10.000000000000  -0.396660851462   0.010485208330   0.006061294992   0.016546503322   0.007924512014   0.018409720344  -0.008849024932 -23.972487947308   0.420387863897  -0.010724092528  -0.007970920577  -0.396879555232  -0.000940742814   0.202866438435  -0.008798135866   0.000940742814   0.202866438435   0.008798135866   0.000000000000
 -3.000000000000   0.600000000000  -3.000000000000  10.000000000000  -0.292730318641   0.010152946653   0.001058966008   0.011211912661   0.005134616315   0.015287562968  -0.015066798818 -26.108865408114   0.337888511898  -0.003351663838  -0.014459364123  -0.292956392664  -0.001723144467   0.133431128116  -0.014874570757   0.001723144467   0.133431128116   0.014874570757   0.000000000000
 -3.000000000000   0.600000000000  -2.000000000000  10.000000000000  -0.196513010763   0.009886175629   0.000068582675   0.009954758304   0.002687186272   0.012573361902  -0.008764552696 -19.740610948602   0.171502170264   0.003535276441  -0.008231549386  -0.196756248722  -0.002320356865   0.075983776763  -0.011520598077   0.002320356865   0.075983776763   0.011520598077   0.000000000000
 -3.000000000000   0.600000000000  -1.000000000000  10.000000000000  -0.094984171758   0.009774552542  -0.001789729217   0.007984823324   0.001706234780   0.011480787322  -0.013369991328 -11.895588405474   0.049952231061   0.007014588279  -0.012933774855  -0.095121080605  -0.003080195595   0.054859092769  -0.012750352317   0.003080195595   0.054859092769   0.012750352317   0.000000000000
 -3.000000000000   0.600000000000   0.000000000000  10.000000000000   0.001219057660   0.009707778181  -0.002031918300   0.007675859881   0.001451903941   0.011159682122  -0.010777725506   0.158817080938   0.000008559318   0.008229402953  -0.010361231541   0.001219057660  -0.002711980128  -0.012001343617  -0.014701320492   0.002711980128  -0.012001343617   0.014701320492   0.000000000000
 -3.000000000000   0.600000000000   1.000000000000  10.000000000000   0.096577420918   0.009756527537  -0.001287624460   0.008468903077   0.001819475266   0.011576002803  -0.009559370044  11.403769772190   0.048690223219   0.007270722825  -0.009103041118   0.096719043307  -0.002542111840  -0.062983476988  -0.014623244317   0.002542111840  -0.062983476988   0.014623244317   0.000000000000
 -3.000000000000   0.600000000000   2.000000000000  10.000000000000   0.196487083383   0.009907239557  -0.000108646542   0.009798593014   0.003276445783   0.013183685340  -0.010443546506  20.052581334656   0.174189516580   0.003468143242  -0.009916415253   0.196727961195  -0.003413493476  -0.107500369190  -0.015383351705   0.003413493476  -0.107500369190   0.015383351705   0.000000000000
 -3.000000000000   0.600000000000   3.000000000000  10.000000000000   0.297087942054   0.010167967642   0.001800797690   0.011968765332   0.005545119342   0.015713086984  -0.011043733881  24.821937250951   0.326015628721  -0.003035207012  -0.010402202049   0.297336581043  -0.004134876238  -0.162234113140  -0.014648609262   0.004134876238  -0.162234113140   0.014648609262   0.000000000000
 -3.000000000000   0.600000000000   4.000000000000  10.000000000000   0.396469611493   0.010483747615   0.006575268821   0.017059016436   0.007352255593   0.017836003208  -0.001644227495  23.241059235209   0.407364841955  -0.010576339755  -0.000749174200   0.396698180156  -0.004604820635  -0.207577619015  -0.012378174955   0.004604820635  -0.207577619015   0.012378174955   0.000000000000
 -3.000000000000   0.600000000000   5.000000000000  10.000000000000   0.496057957499   0.010947748449   0.010374328126   0.021322076575   0.009284009521   0.020231757970  -0.004719682094  23.264992776356   0.510214813853  -0.021776400933  -0.003597302667   0.496047630095  -0.004834722909  -0.258518791074  -0.012472508244   0.004834722909  -0.258518791074   0.012472508244   0.000000000000
 -3.000000000000   0.600000000000   6.000000000000  10.000000000000   0.596057961574   0.011488569708   0.015792430546   0.027281000254   0.015715420677   0.027203990385  -0.001050450277  21.848830908692   0.575750625011  -0.035155978357   0.000378766564   0.595646173242  -0.005355625444  -0.298902682277  -0.009130559323   0.005355625444  -0.298902682277   0.009130559323   0.000000000000
 -3.000000000000   0.600000000000   7.000000000000  10.000000000000   0.695674981627   0.012130832656   0.023281870254   0.035412702910   0.020820035161   0.032950867817   0.015712804669  19.644786318597   0.604187054475  -0.050497096397   0.017544628486   0.694699115508  -0.005387295952  -0.354035563384  -0.002646006694   0.005387295952  -0.354035563384   0.002646006694   0.000000000000
 -3.000000000000   0.600000000000   8.000000000000  10.000000000000   0.795079991617   0.012860766409   0.028858024741   0.041718791150   0.026471044446   0.039331810855   0.010588869461  19.058078379021   0.669896416187  -0.069946364321   0.012757750612   0.793063377467  -0.005386207653  -0.395847738578  -0.005819266915   0.005386207653  -0.395847738578   0.005819266915   0.000000000000
 -3.000000000000   0.600000000000   9.000000000000  10.000000000000   0.894840127053   0.013712987849   0.036867195384   0.050580183233   0.032866442463   0.046579430312   0.006658111602  17.691516120643   0.699887479782  -0.090439012820   0.009296149148   0.891670289368  -0.006825650096  -0.451967985891  -0.006620626346   0.006825650096  -0.451967985891   0.006620626346   0.000000000000
 -3.000000000000   0.600000000000  10.000000000000  10.000000000000   0.993769545129   0.014650306348   0.045892975392   0.060543281740   0.040488801425   0.055139107773   0.006975340292  16.414200165084   0.721145885046  -0.113384004213   0.010134371374   0.989107383082  -0.007200073840  -0.500587127994  -0.006832910654   0.007200073840  -0.500587127994   0.006832910654   0.000000000000
 -3.000000000000   0.600000000000  11.000000000000  10.000000000000   1.090110353811   0.015652991096   0.056116415193   0.071769406289   0.049101497787   0.064754488883   0.023096195546  15.189067461692   0.732013847718  -0.138835164807   0.026820663520   1.083526794517  -0.007479468414  -0.549940778769  -0.000556497474   0.007479468414  -0.549940778769   0.000556497474   0.000000000000
 -3.000000000000   0.600000000000  12.000000000000  10.000000000000   1.188535769471   0.016771365746   0.065542386328   0.082313752075   0.057792055058   0.074563420804  -0.003006895694  14.439091154470   0.758699566429  -0.166551895461   0.001305194078   1.179686667341  -0.009024384573  -0.603538459287  -0.009671560380   0.009024384573  -0.603538459287   0.009671560380   0.000000000000
 -3.000000000000   0.600000000000  13.000000000000  10.000000000000   1.286979296221   0.018010290839   0.075908642909   0.093918933748   0.068074733757   0.086085024596  -0.016026926433  13.703086745771   0.779664371516  -0.197303679253  -0.011089624880   1.275280994825  -0.010439247633  -0.663006147048  -0.012649802780   0.010439247633  -0.663006147048   0.012649802780   0.000000000000
 -3.000000000000   0.600000000000  14.000000000000  10.000000000000   1.380096422755   0.019206756494   0.088873896801   0.108080653295   0.077498955199   0.096705711693  -0.002748945011  12.769134721845   0.779091776792  -0.229009472525   0.002911326664   1.365247708691  -0.009942363534  -0.699553124428  -0.008275949019   0.009942363534  -0.699553124428   0.008275949019   0.000000000000
 -3.000000000000   0.600000000000  15.000000000000  10.000000000000   1.474719446216   0.020528495061   0.101696833204   0.122225328264   0.088444094836   0.108972589897  -0.003156620170  12.065579754682   0.786638726396  -0.263627100097   0.003244485300   1.456103246881  -0.009850185365  -0.745962417386  -0.008034810759   0.009850185365  -0.745962417386   0.008034810759   0.000000000000
 -3.000000000000   0.600000000000  16.000000000000  10.000000000000   1.570684210983   0.021952799967   0.114382823380   0.136335623347   0.099858890902   0.121811690869  -0.005633157211  11.520717567623   0.799992893848  -0.301781239496   0.001509818054   1.547447520669  -0.010480993622  -0.799392653498  -0.008927234340   0.010480993622  -0.799392653498   0.008927234340   0.000000000000
 -3.000000000000   0.600000000000  17.000000000000  10.000000000000   1.663906980682   0.023437771127   0.129425969819   0.152863740947   0.111845718629   0.135283489756  -0.010438585974  10.884902923206   0.800702759318  -0.339972896411  -0.002424010198   1.635993667963  -0.011660081995  -0.848134110368  -0.009240351509   0.011660081995  -0.848134110368   0.009240351509   0.000000000000
 -3.000000000000   0.600000000000  18.000000000000  10.000000000000   1.757113960510   0.024982161566   0.145037125682   0.170019287248   0.124156249240   0.149138410807  -0.007647029728  10.334791945956   0.802822228313  -0.381121098524   0.001261572238   1.723705201598  -0.011121278244  -0.899579200121  -0.010292260791   0.011121278244  -0.899579200121   0.010292260791   0.000000000000
 -3.000000000000   0.600000000000  19.000000000000  10.000000000000   1.849825816255   0.026587327909   0.160665938684   0.187253266593   0.137742756771   0.164330084680  -0.010460180197   9.878737230647   0.807885830268  -0.424917959978  -0.000645766117   1.810103052861  -0.012463531025  -0.948242993465  -0.008625090631   0.012463531025  -0.948242993465   0.008625090631   0.000000000000
 -3.000000000000   0.600000000000  20.000000000000  10.000000000000   1.940980429431   0.028235769581   0.177786004976   0.206021774557   0.151686917164   0.179922686745  -0.006654004774   9.421239253016   0.808438356656  -0.470195339510   0.004137460887   1.894411121939  -0.012749969529  -0.973232882006  -0.009768676013   0.012749969529  -0.973232882006   0.009768676013   0.000000000000
 -3.000000000000   0.600000000000  21.000000000000  10.000000000000   2.031240700663   0.029943967295   0.194935221173   0.224879188468   0.166203865969   0.196147833264  -0.008754732106   9.032586405640   0.811131441364  -0.517848720900   0.003026533317   1.976969807844  -0.013407064677  -1.042833854953  -0.008111402689   0.013407064677  -1.042833854953   0.008111402689   0.000000000000
 -3.000000000000   0.600000000000  22.000000000000  10.000000000000   2.120595817665   0.031696753815   0.212792103532   0.244488857346   0.181392318956   0.213089072771  -0.012365638340   8.673588811702   0.813157087157  -0.567413676301   0.000446866477   2.057886258405  -0.014164741607  -1.088412597310  -0.008011703347   0.014164741607  -1.088412597310   0.008011703347   0.000000000000
 -3.000000000000   0.600000000000  23.000000000000  10.000000000000   2.208469395284   0.033488110754   0.231393000722   0.264881111476   0.197103740750   0.230591851504  -0.013926928334   8.337587315988   0.814047040210  -0.618756606388  -0.000045035703   2.136547048974  -0.014756208599  -1.131218429883  -0.007501623850   0.014756208599  -1.131218429883   0.007501623850   0.000000000000
 -3.000000000000   0.600000000000  24.000000000000  10.000000000000   2.295505788077   0.035313284815   0.250584304439   0.285897589254   0.213366694213   0.248679979028  -0.014695994210   8.029119077448   0.814824375112  -0.672141178889   0.000286869860   2.213487379732  -0.015203970243  -1.175016901249  -0.007256385722   0.015203970243  -1.175016901249   0.007256385722   0.000000000000
 -3.000000000000   0.600000000000  25.000000000000  10.000000000000   2.381144822752   0.037177244941   0.270351045868   0.307528290809   0.229900373584   0.267077618525  -0.017161371873   7.742848036794   0.815087564423  -0.727167964352  -0.001043065638   2.288218628734  -0.015571116539  -1.216407606907  -0.008057637550   0.015571116539  -1.216407606907   0.008057637550   0.000000000000
 -3.000000000000   0.600000000000  26.000000000000  10.000000000000   2.465945262332   0.039076256551   0.290826038583   0.329902295133   0.246364391894   0.285440648445  -0.020311424768   7.474774497506   0.814890488252  -0.783935962169  -0.003017836584   2.361264367878  -0.016045071467  -1.255411354640  -0.009424621827   0.016045071467  -1.255411354640   0.009424621827   0.000000000000
 -3.000000000000   0.600000000000  27.000000000000  10.000000000000   2.549227930351   0.040977010982   0.311488266204   0.352465277186   0.264636457498   0.305613468480  -0.022416116692   7.232564724391   0.815114686523  -0.842661492431  -0.003938788859   2.431707916241  -0.016546779848  -1.293478495218  -0.009212796838   0.016546779848  -1.293478495218   0.009212796838   0.000000000000
 -3.000000000000   0.600000000000  28.000000000000  10.000000000000   2.629360953927   0.042817164575   0.332327417979   0.375144582554   0.283098576324   0.325915740899  -0.020599600583   7.008926894341   0.814740791758  -0.902679227733  -0.000937819089   2.497972409719  -0.017246761645  -1.333835070277  -0.007045969114   0.017246761645  -1.333835070277   0.007045969114   0.000000000000
 -3.000000000000   0.600000000000  29.000000000000  10.000000000000   2.707596534076   0.044676618773   0.353496070737   0.398172689511   0.300892048973   0.345568667747  -0.025102853106   6.800055868731   0.813980782395  -0.963747370987  -0.004229702063   2.561527620343  -0.017870226660  -1.361646377300  -0.005918667137   0.017870226660  -1.361646377300   0.005918667137   0.000000000000
 -3.000000000000   0.600000000000  30.000000000000  10.000000000000   2.785164645510   0.046549530192   0.376606975485   0.423156505677   0.319258074806   0.365807604998  -0.013711067716   6.581878355036   0.810435481238  -1.025998821524   0.008454023191   2.623670419851  -0.018037506579  -1.388266164736  -0.003698020084   0.018037506579  -1.388266164736   0.003698020084   0.000000000000
 -2.000000000000   0.600000000000 -10.000000000000  10.000000000000  -0.989458237841   0.014539313428   0.044572625893   0.059111939321   0.040518533669   0.055057847097  -0.010784910992 -16.738720623991   0.732213026085  -0.113268516285  -0.008715364184  -0.984749930567   0.001029837007   0.496169966913  -0.011000177501  -0.001029837007   0.496169966913   0.011000177501   0.000000000000
 -2.000000000000   0.600000000000  -9.000000000000  10.000000000000  -0.891061008730   0.013613429587   0.036252567339   0.049865996926   0.033091100669   0.046704530256  -0.007441740137 -17.869110489312   0.703927765220  -0.089914076002  -0.005696908634  -0.887927205684   0.000629971614   0.443537577614  -0.009867170744  -0.000629971614   0.443537577614   0.009867170744   0.000000000000
 -2.000000000000   0.600000000000  -8.000000000000  10.000000000000  -0.792370338747   0.012791033562   0.028503179030   0.041294212591   0.026438573976   0.039229607538  -0.007239312187 -19.188411378313   0.672179018006  -0.069159017912  -0.005793754958  -0.790437749608   0.000365828791   0.390276987636  -0.009712616174  -0.000365828791   0.390276987636   0.009712616174   0.000000000000
 -2.000000000000   0.600000000000  -7.000000000000  10.000000000000  -0.693336500511   0.012056953693   0.021727417338   0.033784371031   0.020441710419   0.032498664112  -0.005410134921 -20.522403684098   0.629057017394  -0.050796940128  -0.004227781668  -0.692306256625   0.000148483529   0.338827696408  -0.009345877718  -0.000148483529   0.338827696408   0.009345877718   0.000000000000
 -2.000000000000   0.600000000000  -6.000000000000  10.000000000000  -0.595351646424   0.011437042620   0.015592745602   0.027029788221   0.015388539797   0.026825582417  -0.007561020878 -22.025760673680   0.579725222861  -0.035103421823  -0.006613088904  -0.594941491426   0.000038557119   0.287303684885  -0.010041583877  -0.000038557119   0.287303684885   0.010041583877   0.000000000000
 -2.000000000000   0.600000000000  -5.000000000000  10.000000000000  -0.495737998297   0.010888600634   0.010580812819   0.021469413453   0.010907187692   0.021795788326  -0.005864379951 -23.090430457032   0.506059939541  -0.021627841314  -0.005111535805  -0.495739445983  -0.000583131684   0.241409053659  -0.008852550495   0.000583131684   0.241409053659   0.008852550495   0.000000000000
 -2.000000000000   0.600000000000  -4.000000000000  10.000000000000  -0.395851470990   0.010456958557   0.006191886899   0.016648845456   0.007390934649   0.017847893207  -0.008319535857 -23.776511832749   0.416100392555  -0.010725390017  -0.007733431494  -0.396068107607  -0.000806608212   0.188810063971  -0.009014705155   0.000806608212   0.188810063971   0.009014705155   0.000000000000
 -2.000000000000   0.600000000000  -3.000000000000  10.000000000000  -0.296726829000   0.010093888918   0.003653583204   0.013747472122   0.004241739358   0.014335628276  -0.002867876115 -21.584101162000   0.283144744175  -0.001709263494  -0.002386349224  -0.297044462172  -0.001392402951   0.137354630147  -0.007822218574   0.001392402951   0.137354630147   0.007822218574   0.000000000000
 -2.000000000000   0.600000000000  -2.000000000000  10.000000000000  -0.196736769266   0.009861741081   0.000881318109   0.010743059190   0.002297472744   0.012159213825  -0.006679275516 -18.312918675017   0.159279844597   0.004096921537  -0.006300279323  -0.196999756694  -0.001827287429   0.085722091730  -0.009514990359   0.001827287429   0.085722091730   0.009514990359   0.000000000000
 -2.000000000000   0.600000000000  -1.000000000000  10.000000000000  -0.097001696929   0.009710561888  -0.000255639781   0.009454922106   0.000988599273   0.010699161161  -0.005099771170 -10.259386152444   0.043996530449   0.007932762570  -0.004766692504  -0.097154939893  -0.002208851842   0.043480028698  -0.008905802352   0.002208851842   0.043480028698   0.008905802352   0.000000000000
 -2.000000000000   0.600000000000   0.000000000000  10.000000000000  -0.000459603114   0.009664188742  -0.000503265263   0.009160923480   0.000423682843   0.010087871585  -0.002605472404  -0.050169954503   0.000001019399   0.009246272568  -0.002284173602  -0.000459603114  -0.001845276208   0.002867690896  -0.007328893908   0.001845276208   0.002867690896   0.007328893908   0.000000000000
 -2.000000000000   0.600000000000   1.000000000000  10.000000000000   0.099193132451   0.009733633069  -0.000627443108   0.009106189961   0.001093527242   0.010827160311  -0.008118241697  10.892934681953   0.047768788382   0.007651377179  -0.007795494837   0.099341797633  -0.002388768183  -0.056753067324  -0.009330976397   0.002388768183  -0.056753067324   0.009330976397   0.000000000000
 -2.000000000000   0.600000000000   2.000000000000  10.000000000000   0.199144506019   0.009872411476   0.001311753362   0.011184164838   0.002132919006   0.012005330481  -0.003199801012  17.805934453218   0.156765618837   0.004332103193  -0.002807530056   0.199417173794  -0.002487784339  -0.102966679463  -0.008175853402   0.002487784339  -0.102966679463   0.008175853402   0.000000000000
 -2.000000000000   0.600000000000   3.000000000000  10.000000000000   0.298160607055   0.010120703181   0.003687824160   0.013808527341   0.004312115701   0.014432818882  -0.001482372541  21.592498584140   0.284623585292  -0.001771654348  -0.000999558865   0.298476938100  -0.002664090483  -0.148185984761  -0.007542211237   0.002664090483  -0.148185984761   0.007542211237   0.000000000000
 -2.000000000000   0.600000000000   4.000000000000  10.000000000000   0.397348902755   0.010479632315   0.006716264852   0.017195897167   0.007536186543   0.018015818858  -0.004638962795  23.107192308927   0.405916698962  -0.010412596143  -0.004036008708   0.397591068626  -0.002672539372  -0.196798258620  -0.008765787788   0.002672539372  -0.196798258620   0.008765787788   0.000000000000
 -2.000000000000   0.600000000000   5.000000000000  10.000000000000   0.497765027437   0.010925826911   0.011246969087   0.022172795998   0.011428716468   0.022354543379   0.000544194829  22.449357648994   0.494021693729  -0.021327034390   0.001317682741   0.497800535240  -0.003041748416  -0.247140439874  -0.006798460665   0.003041748416  -0.247140439874   0.006798460665   0.000000000000
 -2.000000000000   0.600000000000   6.000000000000  10.000000000000   0.598597842554   0.011498038796   0.016855692649   0.028353731445   0.015256336909   0.026754375705   0.017878471067  21.111783601120   0.558698871468  -0.035009815148   0.018857110942   0.598215406969  -0.002859525625  -0.303036343441  -0.000368774520   0.002859525625  -0.303036343441   0.000368774520   0.000000000000
 -2.000000000000   0.600000000000   7.000000000000  10.000000000000   0.697155471596   0.012129346149   0.022603594122   0.034732940271   0.021254063287   0.033383409435   0.004268641909  20.071881797601   0.618636374861  -0.050656697060   0.005478203702   0.696171127200  -0.003933884809  -0.342901787242  -0.004845737282   0.003933884809  -0.342901787242   0.004845737282   0.000000000000
 -2.000000000000   0.600000000000   8.000000000000  10.000000000000   0.796203893787   0.012875574387   0.029129920396   0.042005494783   0.027288670400   0.040164244787  -0.003875329814  18.954755750231   0.667206411330  -0.069104873440  -0.002406998441   0.794316588698  -0.004260865091  -0.398689158500  -0.007826110490   0.004260865091  -0.398689158500   0.007826110490   0.000000000000
 -2.000000000000   0.600000000000   9.000000000000  10.000000000000   0.895700245137   0.013719495717   0.037142907369   0.050862403085   0.034570342531   0.048289838247  -0.001820412499  17.610262016842   0.697342656800  -0.089850039418  -0.000044231284   0.892634413155  -0.004594043855  -0.448571901635  -0.006819634524   0.004594043855  -0.448571901635   0.006819634524   0.000000000000
 -2.000000000000   0.600000000000  10.000000000000  10.000000000000   0.994116666167   0.014639359003   0.046373346596   0.061012705599   0.041017954464   0.055657313467   0.013831293011  16.293600757604   0.716097481830  -0.113052736388   0.015952180079   0.989518270477  -0.004218577653  -0.499282301652  -0.001264662193   0.004218577653  -0.499282301652   0.001264662193   0.000000000000
 -2.000000000000   0.600000000000  11.000000000000  10.000000000000   1.091864251125   0.015657700481   0.055232735189   0.070890435670   0.049716906778   0.065374607259  -0.001353104046  15.402137690458   0.743476712122  -0.138745578224   0.001121760754   1.085330932859  -0.005014880106  -0.552161249399  -0.006476466265   0.005014880106  -0.552161249399   0.006476466265   0.000000000000
 -2.000000000000   0.600000000000  12.000000000000  10.000000000000   1.194144418683   0.016822996971   0.066469382877   0.083292379848   0.059530131005   0.076353127976  -0.005075506312  14.336778716963   0.756878478542  -0.166680712507  -0.002165552315   1.185393236204  -0.006813260493  -0.609569328003  -0.007440043103   0.006813260493  -0.609569328003   0.007440043103   0.000000000000
 -2.000000000000   0.600000000000  13.000000000000  10.000000000000   1.285018277870   0.017946161419   0.077346237407   0.095292398826   0.067872100891   0.085818262311   0.002522796967  13.485002935117   0.766086962737  -0.196358505162   0.005846916906   1.273486604268  -0.004986385696  -0.641805569363  -0.005316391636   0.004986385696  -0.641805569363   0.005316391636   0.000000000000
 -2.000000000000   0.600000000000  14.000000000000  10.000000000000   1.383150266111   0.019241205371   0.089174658830   0.108415864202   0.079222653335   0.098463858707  -0.010711715755  12.757821710805   0.780123956186  -0.229120237770  -0.006921531372   1.368367424398  -0.006938228480  -0.705378910124  -0.008746966120   0.006938228480  -0.705378910124   0.008746966120   0.000000000000
 -2.000000000000   0.600000000000  15.000000000000  10.000000000000   1.477428411706   0.020556085542   0.102307506920   0.122863592462   0.088997169044   0.109553254586  -0.002447665010  12.024948824146   0.785429853634  -0.263699276965   0.001841703581   1.458888434593  -0.006853961517  -0.746157562422  -0.005564455581   0.006853961517  -0.746157562422   0.005564455581   0.000000000000
 -2.000000000000   0.600000000000  16.000000000000  10.000000000000   1.571813821672   0.021948810116   0.116089220352   0.138038030468   0.100963373257   0.122912183373  -0.001997215261  11.386817215117   0.791263575016  -0.300573764265   0.002821459177   1.548968891982  -0.006283549435  -0.794761577556  -0.005447551489   0.006283549435  -0.794761577556   0.005447551489   0.000000000000
 -2.000000000000   0.600000000000  17.000000000000  10.000000000000   1.666756799499   0.023462436362   0.130785549966   0.154247986327   0.111692022787   0.135154459149  -0.002310643695  10.805695679959   0.796237612963  -0.339817185140   0.003073940977   1.639021305721  -0.006834336426  -0.842640510102  -0.006625864800   0.006834336426  -0.842640510102   0.006625864800   0.000000000000
 -2.000000000000   0.600000000000  18.000000000000  10.000000000000   1.760766584200   0.025017373436   0.146343187355   0.171360560790   0.124603352160   0.149620725596   0.000517534083  10.275214880708   0.799853448658  -0.381249676448   0.006497616142   1.727504019927  -0.006950895637  -0.893087619232  -0.005499101246   0.006950895637  -0.893087619232   0.005499101246   0.000000000000
 -2.000000000000   0.600000000000  19.000000000000  10.000000000000   1.853902518916   0.026635645968   0.162549184770   0.189184830738   0.137708771153   0.164344417121   0.008607951673   9.799424783087   0.803165785642  -0.425086863691   0.015205163318   1.814356499694  -0.007292186354  -0.945467874091  -0.002360281815   0.007292186354  -0.945467874091   0.002360281815   0.000000000000
 -2.000000000000   0.600000000000  20.000000000000  10.000000000000   1.945493015001   0.028307789174   0.179287812168   0.207595601342   0.151436817444   0.179744606618   0.005935088046   9.371552202564   0.806044327110  -0.470635220225   0.013176454555   1.899053211712  -0.007339849854  -0.990577536890  -0.004720617469   0.007339849854  -0.990577536890   0.004720617469   0.000000000000
 -2.000000000000   0.600000000000  21.000000000000  10.000000000000   2.036207570067   0.030020573830   0.196574684056   0.226595257886   0.166529183226   0.196549757055  -0.000812233335   8.986099660987   0.808930107688  -0.518269037900   0.007096321911   1.982128700561  -0.008662500016  -1.037648029880  -0.004104191177   0.008662500016  -1.037648029880   0.004104191177   0.000000000000
 -2.000000000000   0.600000000000  22.000000000000  10.000000000000   2.123592100379   0.031743284936   0.214108233336   0.245851518272   0.181536515757   0.213279800694  -0.004806778892   8.637701793771   0.810936837061  -0.567545365925   0.003776243519   2.061064647350  -0.009247904639  -1.082340386114  -0.004187727868   0.009247904639  -1.082340386114   0.004187727868   0.000000000000
 -2.000000000000   0.600000000000  23.000000000000  10.000000000000   2.212060365874   0.033537510438   0.232826956889   0.266364467327   0.197344202891   0.230881713329  -0.004109199198   8.304637581999   0.812148375732  -0.619148412409   0.005189289864   2.140281825350  -0.009623455673  -1.127221410296  -0.003019993180   0.009623455673  -1.127221410296   0.003019993180   0.000000000000
 -2.000000000000   0.600000000000  24.000000000000  10.000000000000   2.299443886687   0.035368973937   0.252090210063   0.287459184000   0.213255460802   0.248624434739  -0.003127286074   7.999201328993   0.813180891263  -0.672721323719   0.006906799828   2.217539868218  -0.009860243944  -1.172672778650  -0.002681115109   0.009860243944  -1.172672778650   0.002681115109   0.000000000000
 -2.000000000000   0.600000000000  25.000000000000  10.000000000000   2.385192092774   0.037237025397   0.271977967443   0.309214992840   0.229883410127   0.267120435524  -0.005114564457   7.713701301688   0.813399497541  -0.727790725266   0.005679998820   2.292393898925  -0.010078558295  -1.214944547495  -0.003654770252   0.010078558295  -1.214944547495   0.003654770252   0.000000000000
 -2.000000000000   0.600000000000  26.000000000000  10.000000000000   2.470817429416   0.039141565022   0.292485380473   0.331626945495   0.246742940201   0.285884505223  -0.009353265761   7.450593092565   0.813859098287  -0.784958930380   0.002226045486   2.366186215495  -0.010214030795  -1.254170189377  -0.005205489661   0.010214030795  -1.254170189377   0.005205489661   0.000000000000
 -2.000000000000   0.600000000000  27.000000000000  10.000000000000   2.554670107316   0.041041262445   0.313443074515   0.354484336960   0.264748429725   0.305789692170  -0.005786879635   7.206722105767   0.813936123227  -0.843960560764   0.006587970524   2.437153905862  -0.010855193374  -1.304435914841  -0.002657478207   0.010855193374  -1.304435914841   0.002657478207   0.000000000000
 -2.000000000000   0.600000000000  28.000000000000  10.000000000000   2.634896431503   0.042904638225   0.333762439995   0.376667078220   0.282681980651   0.325586618876  -0.013808492049   6.995292617432   0.814867799643  -0.904208751787  -0.000654588835   2.503428463472  -0.011372878454  -1.342049731819  -0.005523054763   0.011372878454  -1.342049731819   0.005523054763   0.000000000000
 -2.000000000000   0.600000000000  29.000000000000  10.000000000000   2.714310645255   0.044781658357   0.355048598952   0.399830257309   0.301424431721   0.346206090078  -0.017588975843   6.788657425586   0.814631435151  -0.965900635881  -0.003624386367   2.568010652451  -0.012074510602  -1.383187548015  -0.005634111949   0.012074510602  -1.383187548015   0.005634111949   0.000000000000
 -2.000000000000   0.600000000000  30.000000000000  10.000000000000   2.795370921711   0.046742753722   0.377696093517   0.424438847239   0.321201338896   0.367944092618  -0.018512234743   6.586039284331   0.813919552070  -1.029775042426  -0.003688255440   2.633275410320  -0.012617267425  -1.426626845430  -0.005569211517   0.012617267425  -1.426626845430   0.005569211517   0.000000000000
 -1.000000000000   0.600000000000 -10.000000000000  10.000000000000  -0.995225162003   0.014567201832   0.046066496538   0.060633698370   0.040706892714   0.055274094546  -0.007424405972 -16.413730132918   0.722181497586  -0.112987988776  -0.006365071251  -0.990655283399   0.000738396172   0.503530085259  -0.005561288842  -0.000738396172   0.503530085259   0.005561288842   0.000000000000
 -1.000000000000   0.600000000000  -9.000000000000  10.000000000000  -0.894497428354   0.013632561528   0.036797439320   0.050430000848   0.033162530703   0.046795092230  -0.008872259702 -17.737406569799   0.701434202183  -0.089975753085  -0.007990783542  -0.891396692021   0.000179714273   0.444410021463  -0.006177627538  -0.000179714273   0.444410021463   0.006177627538   0.000000000000
 -1.000000000000   0.600000000000  -8.000000000000  10.000000000000  -0.796314388172   0.012802173045   0.029386107376   0.042188280421   0.026386496670   0.039188669715  -0.004960374694 -18.875251141297   0.664500057445  -0.068968470734  -0.004223332188  -0.794447339124   0.000143390820   0.396659858968  -0.005130800510  -0.000143390820   0.396659858968   0.005130800510   0.000000000000
 -1.000000000000   0.600000000000  -7.000000000000  10.000000000000  -0.697330937563   0.012065313921   0.022564700888   0.034630014809   0.020368924431   0.032434238352  -0.002492936115 -20.136605237092   0.620787424608  -0.050573427138  -0.001888179335  -0.696358135146   0.000312124018   0.346020981907  -0.004278662714  -0.000312124018   0.346020981907   0.004278662714   0.000000000000
 -1.000000000000   0.600000000000  -6.000000000000  10.000000000000  -0.596096929776   0.011418803817   0.016344730791   0.027763534608   0.015083787844   0.026502591661  -0.005189901884 -21.470498558428   0.565817968841  -0.034611778233  -0.004704570947  -0.595742553829  -0.000362780895   0.290896912793  -0.005551224539   0.000362780895   0.290896912793   0.005551224539   0.000000000000
 -1.000000000000   0.600000000000  -5.000000000000  10.000000000000  -0.496984138729   0.010883702670   0.011138814268   0.022022516938   0.010658188837   0.021541891507  -0.006132380275 -22.567090770227   0.495833454028  -0.021273030974  -0.005747100367  -0.497021388351  -0.000585633542   0.242352610472  -0.005927185021   0.000585633542   0.242352610472   0.005927185021   0.000000000000
 -1.000000000000   0.600000000000  -4.000000000000  10.000000000000  -0.397645385333   0.010435457829   0.007092864311   0.017528322141   0.006931589683   0.017367047513  -0.004324075190 -22.685878439318   0.398812965317  -0.010180097310  -0.004017505210  -0.397904533086  -0.000680969396   0.193149784391  -0.005473846253   0.000680969396   0.193149784391   0.005473846253   0.000000000000
 -1.000000000000   0.600000000000  -3.000000000000  10.000000000000  -0.298337194851   0.010090429895   0.003980142985   0.014070572881   0.004025872467   0.014116302363  -0.003102268985 -21.202917420762   0.279653812902  -0.001510544946  -0.002856231137  -0.298667452400  -0.000654613674   0.145917687531  -0.004774177652   0.000654613674   0.145917687531   0.004774177652   0.000000000000
 -1.000000000000   0.600000000000  -2.000000000000  10.000000000000  -0.198266983724   0.009842406634   0.001651555432   0.011493962065   0.001946517605   0.011788924238  -0.003295577146 -17.249664006065   0.151198945062   0.004623273505  -0.003094477916  -0.198549284502  -0.000896955101   0.094205491274  -0.004703560186   0.000896955101   0.094205491274   0.004703560186   0.000000000000
 -1.000000000000   0.600000000000  -1.000000000000  10.000000000000  -0.098086167207   0.009694870135   0.000359543915   0.010054414050   0.000625957583   0.010320827717  -0.001487969769  -9.755532915236   0.042303517909   0.008365476653  -0.001312269423  -0.098247128420  -0.001413673934   0.044665201163  -0.004217730262   0.001413673934   0.044665201163   0.004217730262   0.000000000000
 -1.000000000000   0.600000000000   0.000000000000  10.000000000000  -0.000173084354   0.009652123413  -0.000147095040   0.009505028373   0.000129339979   0.009781463392  -0.002099093447  -0.018209767230   0.000000139341   0.009540214943  -0.001932888127  -0.000173084354  -0.000941613808  -0.000306945725  -0.004329156631   0.000941613808  -0.000306945725   0.004329156631   0.000000000000
 -1.000000000000   0.600000000000   1.000000000000  10.000000000000   0.098127759373   0.009703449902   0.000321327058   0.010024776960   0.000509264620   0.010212714522  -0.001287277010   9.788522953346   0.042464573560   0.008331620669  -0.001112124470   0.098288135962  -0.000768301458  -0.046534576766  -0.004050731269   0.000768301458  -0.046534576766   0.004050731269   0.000000000000
 -1.000000000000   0.600000000000   2.000000000000  10.000000000000   0.199905317463   0.009860934374   0.001699136515   0.011560070888   0.001832250573   0.011693184946  -0.001340053725  17.292741488504   0.152829051192   0.004598047171  -0.001138098573   0.200187735955  -0.001259941349  -0.098094182600  -0.004158391213   0.001259941349  -0.098094182600   0.004158391213   0.000000000000
 -1.000000000000   0.600000000000   3.000000000000  10.000000000000   0.299316198688   0.010116882196   0.004092390122   0.014209272317   0.003972289554   0.014089171750  -0.000439431183  21.064850613275   0.278744512137  -0.001469703028  -0.000191378259   0.299649940204  -0.001495100428  -0.144676692425  -0.003426469029   0.001495100428  -0.144676692425   0.003426469029   0.000000000000
 -1.000000000000   0.600000000000   4.000000000000  10.000000000000   0.399036534067   0.010472403326   0.007358975207   0.017831378533   0.006976207390   0.017448610715  -0.000525784362  22.378333415472   0.394782707316  -0.010040994661  -0.000214503817   0.399308805868  -0.001618664781  -0.195496099780  -0.003573881737   0.001618664781  -0.195496099780   0.003573881737   0.000000000000
 -1.000000000000   0.600000000000   5.000000000000  10.000000000000   0.499059290252   0.010929672725   0.011514097472   0.022443770197   0.010761755288   0.021691428013  -0.001415217105  22.235982897354   0.490598478716  -0.021116318572  -0.001023303761   0.499118177175  -0.001777541779  -0.245767086917  -0.003847045731   0.001777541779  -0.245767086917   0.003847045731   0.000000000000
 -1.000000000000   0.600000000000   6.000000000000  10.000000000000   0.596741795796   0.011465356990   0.016553096002   0.028018452992   0.015145189190   0.026610546179   0.000540016183  21.298170743933   0.561883763290  -0.034525154830   0.001028923366   0.596400076439  -0.001662546462  -0.297608478784  -0.002606293345   0.001662546462  -0.297608478784   0.002606293345   0.000000000000
 -1.000000000000   0.600000000000   7.000000000000  10.000000000000   0.697289592534   0.012125436986   0.022573240199   0.034698677186   0.020393149243   0.032518586230   0.002640979999  20.095567009710   0.619485533482  -0.050589179580   0.003246153182   0.696314545467  -0.001749585373  -0.342949954666  -0.002519413287   0.001749585373  -0.342949954666   0.002519413287   0.000000000000
 -1.000000000000   0.600000000000   8.000000000000  10.000000000000   0.796874108079   0.012880013451   0.029585099800   0.042465113251   0.026396707928   0.039276721378   0.013157602146  18.765382853842   0.661096513258  -0.069085396768   0.013896716595   0.794996126837  -0.001504052486  -0.394705961551   0.002286759814   0.001504052486  -0.394705961551  -0.002286759814   0.000000000000
 -1.000000000000   0.600000000000   9.000000000000  10.000000000000   0.896005779112   0.013760972548   0.037014310217   0.050775282765   0.033780047153   0.047541019701   0.029023467225  17.646495111711   0.699015799826  -0.090523961192   0.029905197682   0.892837016926  -0.001528841315  -0.440307312942   0.007499855956   0.001528841315  -0.440307312942  -0.007499855956   0.000000000000
 -1.000000000000   0.600000000000  10.000000000000  10.000000000000   0.993574923829   0.014719360075   0.046003645418   0.060723005493   0.041618075795   0.056337435870   0.036292308173  16.362413483313   0.718729890342  -0.113364861730   0.037346543251   0.988913134771  -0.001318154825  -0.493749964504   0.012036253231   0.001318154825  -0.493749964504  -0.012036253231   0.000000000000
 -1.000000000000   0.600000000000  11.000000000000  10.000000000000   1.092126212661   0.015663407699   0.055837283148   0.071500690847   0.048901777790   0.064565185489   0.013282430712  15.274344900970   0.737484921285  -0.138438724884   0.014528266851   1.085657443696  -0.001731146623  -0.545671162490   0.002449261906   0.001731146623  -0.545671162490  -0.002449261906   0.000000000000
 -1.000000000000   0.600000000000  12.000000000000  10.000000000000   1.194150036883   0.016814565758   0.066730440350   0.083545006109   0.058475953495   0.075290519253  -0.002656169966  14.293493920242   0.754596903773  -0.166525508676  -0.001197704016   1.185431969510  -0.003513754304  -0.607774511022  -0.003792861072   0.003513754304  -0.607774511022   0.003792861072   0.000000000000
 -1.000000000000   0.600000000000  13.000000000000  10.000000000000   1.287371564036   0.017956578878   0.077685660885   0.095642239763   0.067740633728   0.085697212605  -0.003920405708  13.460282477934   0.766082968709  -0.196352181838  -0.002250621370   1.275903251382  -0.002778750860  -0.651976730923  -0.004283252478   0.002778750860  -0.651976730923   0.004283252478   0.000000000000
 -1.000000000000   0.600000000000  14.000000000000  10.000000000000   1.384590987845   0.019238174599   0.089991136443   0.109229311042   0.077924053616   0.097162228215  -0.000354083434  12.676002207070   0.775928185535  -0.228988288663   0.001552284826   1.369885150462  -0.003332408038  -0.702237603533  -0.002526391103   0.003332408038  -0.702237603533   0.002526391103   0.000000000000
 -1.000000000000   0.600000000000  15.000000000000  10.000000000000   1.480653712069   0.020592617427   0.102871145573   0.123463763001   0.089106550643   0.109699168070  -0.006776460073  11.992617721025   0.785028115702  -0.263868470251  -0.004620688213   1.462182176030  -0.003923844215  -0.753970449360  -0.004758098143   0.003923844215  -0.753970449360   0.004758098143   0.000000000000
 -1.000000000000   0.600000000000  16.000000000000  10.000000000000   1.574030986303   0.021982075346   0.116579141906   0.138561217251   0.100117269168   0.122099344513  -0.000405644599  11.359823603797   0.790501296411  -0.300681629154   0.002012643863   1.551244477337  -0.003372151993  -0.798358424863  -0.002105125060   0.003372151993  -0.798358424863   0.002105125060   0.000000000000
 -1.000000000000   0.600000000000  17.000000000000  10.000000000000   1.668584998024   0.023477894421   0.131139791708   0.154617686128   0.112412505540   0.135890399960  -0.002877176978  10.791682632204   0.796077264132  -0.339959912225  -0.000178288070   1.640889401799  -0.003720031264  -0.846199256354  -0.003303678864   0.003720031264  -0.846199256354   0.003303678864   0.000000000000
 -1.000000000000   0.600000000000  18.000000000000  10.000000000000   1.762138458039   0.025027941832   0.146504466898   0.171532408730   0.125149013135   0.150176954967  -0.002301057655  10.272918517745   0.800297746971  -0.381380367982   0.000692946122   1.728904029192  -0.003814606332  -0.895605988613  -0.002893028403   0.003814606332  -0.895605988613   0.002893028403   0.000000000000
 -1.000000000000   0.600000000000  19.000000000000  10.000000000000   1.855560331007   0.026666530201   0.162738357559   0.189404887761   0.137708129755   0.164374659956   0.012996062052   9.796792220857   0.803668040145  -0.425267243889   0.016299653771   1.816047726164  -0.002965889363  -0.945356407893   0.001018028897   0.002965889363  -0.945356407893  -0.001018028897   0.000000000000
 -1.000000000000   0.600000000000  20.000000000000  10.000000000000   1.944820673465   0.028270608714   0.179026422199   0.207297030913   0.152361707469   0.180632316183  -0.004777151031   9.381806699800   0.806647448183  -0.470323678731  -0.001158591411   1.898451112624  -0.004099205945  -0.993731897347  -0.003084932774   0.004099205945  -0.993731897347   0.003084932774   0.000000000000
 -1.000000000000   0.600000000000  21.000000000000  10.000000000000   2.037946114696   0.030060782099   0.197022633708   0.227083415807   0.166358783050   0.196419565149   0.018025778986   8.974438346620   0.808570134720  -0.518659925025   0.021986185640   1.983840886427  -0.003977858247  -1.040526098867   0.005709061623   0.003977858247  -1.040526098867  -0.005709061623   0.000000000000
 -1.000000000000   0.600000000000  22.000000000000  10.000000000000   2.124646338282   0.031749476237   0.214370088555   0.246119564792   0.181140811662   0.212890287899   0.001271661976   8.632577991412   0.810858140439  -0.567763773415   0.005566846972   2.062113437201  -0.004410951983  -1.084114732650   0.000379253625   0.004410951983  -1.084114732650  -0.000379253625   0.000000000000
 -1.000000000000   0.600000000000  23.000000000000  10.000000000000   2.214482347414   0.033573451973   0.233397584327   0.266971036300   0.196862215702   0.230435667675   0.004071722524   8.294841186159   0.812078512589  -0.619621892934   0.008730389414   2.142711989571  -0.004420164316  -1.131013535699   0.000652250188   0.004420164316  -1.131013535699  -0.000652250188   0.000000000000
 -1.000000000000   0.600000000000  24.000000000000  10.000000000000   2.301482905365   0.035411803027   0.252618610342   0.288030413369   0.213142655710   0.248554458737   0.003819921808   7.990416284336   0.813008114868  -0.673069534209   0.008846163856   2.219616818737  -0.004623831705  -1.174505523007   0.000595347903   0.004623831705  -1.174505523007  -0.000595347903   0.000000000000
 -1.000000000000   0.600000000000  25.000000000000  10.000000000000   2.389400969215   0.037317337133   0.272917212487   0.310234549620   0.229845406405   0.267162743537   0.004559372787   7.701917701117   0.813590053310  -0.728751436077   0.009973017823   2.296589893445  -0.004643066905  -1.216536039869   0.000161754618   0.004643066905  -1.216536039869  -0.000161754618   0.000000000000
 -1.000000000000   0.600000000000  26.000000000000  10.000000000000   2.475268793753   0.039227158437   0.292683137672   0.331910296109   0.246954832519   0.286181990957   0.011089069437   7.457643895874   0.816096902921  -0.786986801572   0.016880013906   2.370149753230  -0.004965870409  -1.261721113809   0.003035516584   0.004965870409  -1.261721113809  -0.003035516584   0.000000000000
 -1.000000000000   0.600000000000  27.000000000000  10.000000000000   2.558301196233   0.041156756947   0.316054479569   0.357211236517   0.265741412759   0.306898169706   0.011439144785   7.161872121326   0.810020401513  -0.843393252604   0.017671598231   2.441518230170  -0.006141895435  -1.305377410155   0.004713111055   0.006141895435  -1.305377410155  -0.004713111055   0.000000000000
 -1.000000000000   0.600000000000  28.000000000000  10.000000000000   2.639830460914   0.043019570921   0.335475188595   0.378494759516   0.283343186984   0.326362757905  -0.001260726155   6.974549566521   0.813972855379  -0.905165766829   0.005345110237   2.508507743488  -0.005344522067  -1.347082386645  -0.000606255609   0.005344522067  -1.347082386645   0.000606255609   0.000000000000
 -1.000000000000   0.600000000000  29.000000000000  10.000000000000   2.718990793374   0.044887537917   0.356819851516   0.401707389432   0.302321047355   0.347208585272   0.001299559730   6.768585455242   0.813623295352  -0.966925042418   0.008310122430   2.572793881026  -0.005826887336  -1.388363446606   0.000785382689   0.005826887336  -1.388363446606  -0.000785382689   0.000000000000
 -1.000000000000   0.600000000000  30.000000000000  10.000000000000   2.800923489664   0.046855812148   0.379464987696   0.426320799843   0.322492539568   0.369348351716  -0.003896774336   6.569990229640   0.813548953359  -1.031254436928   0.003544143033   2.638832834711  -0.006155332486  -1.431828103771  -0.000053298831   0.006155332486  -1.431828103771   0.000053298831   0.000000000000
  0.000000000000   0.600000000000 -10.000000000000  10.000000000000  -0.994930431126   0.014552502331   0.046296173446   0.060848675777   0.040594693728   0.055147196059  -0.006398826045 -16.350897015054   0.719203875353  -0.112843608605  -0.006398826045  -0.990381463942  -0.000421905162   0.502577275350  -0.002011319840   0.000421905162   0.502577275350   0.002011319840   0.000000000000
  0.000000000000   0.600000000000  -9.000000000000  10.000000000000  -0.897601937586   0.013640501294   0.037739873519   0.051380374813   0.033226509401   0.046867010695  -0.000675860420 -17.469742890165   0.693247027275  -0.089668081787  -0.000675860420  -0.894588629697  -0.000075062024   0.453293117203  -0.000282780387   0.000075062024   0.453293117203   0.000282780387   0.000000000000
  0.000000000000   0.600000000000  -8.000000000000  10.000000000000  -0.797329605230   0.012808649749   0.029466146562   0.042274796311   0.026666139522   0.039474789270  -0.010235900255 -18.860637420077   0.664832095591  -0.069103452748  -0.010235900255  -0.795453562817  -0.001121842072   0.400776887880  -0.003086792257   0.001121842072   0.400776887880   0.003086792257   0.000000000000
  0.000000000000   0.600000000000  -7.000000000000  10.000000000000  -0.696760011206   0.012056637805   0.022709507615   0.034766145420   0.020230241843   0.032286879648  -0.001439804370 -20.041336270886   0.617344543285  -0.050406681233  -0.001439804370  -0.695803395055  -0.000270068201   0.345450110254  -0.000421975924   0.000270068201   0.345450110254   0.000421975924   0.000000000000
  0.000000000000   0.600000000000  -6.000000000000  10.000000000000  -0.597399842665   0.011416783125   0.016590408413   0.028007191538   0.014990302305   0.026407085430  -0.001754060186 -21.330230196454   0.563350089318  -0.034591522298  -0.001754060186  -0.597054772511  -0.000341623389   0.294275115059  -0.000602227969   0.000341623389   0.294275115059   0.000602227969   0.000000000000
  0.000000000000   0.600000000000  -5.000000000000  10.000000000000  -0.498180464269   0.010876075549   0.011581410852   0.022457486401   0.010507045844   0.021383121393  -0.000952482933 -22.183269105887   0.488573561420  -0.021047259501  -0.000952482933  -0.498242036105  -0.000170161856   0.244190102065  -0.000298107294   0.000170161856   0.244190102065   0.000298107294   0.000000000000
  0.000000000000   0.600000000000  -4.000000000000  10.000000000000  -0.398596546286   0.010430915661   0.007437142907   0.017868058568   0.006786783017   0.017217698678  -0.000458935178 -22.307770302561   0.393103958030  -0.009980156640  -0.000458935178  -0.398871997891  -0.000285274590   0.194868541331  -0.000060148882   0.000285274590   0.194868541331   0.000060148882   0.000000000000
  0.000000000000   0.600000000000  -3.000000000000  10.000000000000  -0.298771801485   0.010083674962   0.004177412216   0.014261087178   0.003871299552   0.013954974514  -0.000789162321 -20.950142002578   0.276722388745  -0.001394965076  -0.000789162321  -0.299108712749  -0.000226732662   0.145027294792  -0.000322747551   0.000226732662   0.145027294792   0.000322747551   0.000000000000
  0.000000000000   0.600000000000  -2.000000000000  10.000000000000  -0.198507025554   0.009836020976   0.001858043524   0.011694064500   0.001742001890   0.011578022866  -0.000538051999 -16.975024001479   0.148971777651   0.004759145508  -0.000538051999  -0.198794217403  -0.000326461623   0.096420268296  -0.000186069943   0.000326461623   0.096420268296   0.000186069943   0.000000000000
  0.000000000000   0.600000000000  -1.000000000000  10.000000000000  -0.097535565228   0.009688397190   0.000449235891   0.010137633081   0.000441921284   0.010130318474   0.001061831118  -9.621137838344   0.041486534941   0.008433858744   0.001061831118  -0.097697636182  -0.000493416724   0.046847482254   0.000435651661   0.000493416724   0.046847482254  -0.000435651661   0.000000000000
  0.000000000000   0.600000000000   0.000000000000  10.000000000000   0.000000000000   0.009645796651   0.000000000000   0.009645796651   0.000000000000   0.009645796651  -0.000000000000   0.000000000001   0.000000000000   0.009645796651  -0.000000000000   0.000000000000   0.000000000000   0.000522433883  -0.000000000000  -0.000000000000   0.000522433883   0.000000000000   0.000000000000
  0.000000000000   0.600000000000   1.000000000000  10.000000000000   0.097019007362   0.009697501799   0.000447737200   0.010145239000   0.000442095952   0.010139597751  -0.000677898114   9.563008556616   0.041017491095   0.008450478682  -0.000677898114   0.097181289732   0.000553149095  -0.045330524326  -0.000145102199  -0.000553149095  -0.045330524326   0.000145102199   0.000000000000
  0.000000000000   0.600000000000   2.000000000000  10.000000000000   0.199007996775   0.009854896050   0.001862137474   0.011717033524   0.001746926244   0.011601822294   0.000900523686  16.984503489584   0.149431138367   0.004764616896   0.000900523686   0.199295685053   0.000095798709  -0.095367450306   0.000275647743  -0.000095798709  -0.095367450306  -0.000275647743   0.000000000000
  0.000000000000   0.600000000000   3.000000000000  10.000000000000   0.297853358304   0.010107187935   0.004185374459   0.014292562394   0.003867698468   0.013974886403   0.002466442910  20.839745183197   0.274418020165  -0.001315465393   0.002466442910   0.298193175548   0.000600286417  -0.143826205682   0.001024952382  -0.000600286417  -0.143826205682  -0.001024952382   0.000000000000
  0.000000000000   0.600000000000   4.000000000000  10.000000000000   0.399144575335   0.010468327883   0.007456540487   0.017924868370   0.006806799352   0.017275127235   0.001163457847  22.267643315226   0.392936351784  -0.009961713798   0.001163457847   0.399422654821   0.000207556259  -0.194730934754   0.000466599544  -0.000207556259  -0.194730934754  -0.000466599544   0.000000000000
  0.000000000000   0.600000000000   5.000000000000  10.000000000000   0.498455564605   0.010924485765   0.011629856994   0.022554342759   0.010520259476   0.021444745241   0.001213813839  22.100203491975   0.487012874784  -0.020974748284   0.001213813839   0.498524531190   0.000047195672  -0.243339975245   0.000446598281  -0.000047195672  -0.243339975245  -0.000446598281   0.000000000000
  0.000000000000   0.600000000000   6.000000000000  10.000000000000   0.598465822730   0.011477959045   0.016761246567   0.028239205613   0.015140295812   0.026618254858   0.001233929397  21.192728681262   0.560717296540  -0.034472204478   0.001233929397   0.598139165101   0.000105399933  -0.294282645813   0.000442002671  -0.000105399933  -0.294282645813  -0.000442002671   0.000000000000
  0.000000000000   0.600000000000   7.000000000000  10.000000000000   0.697910281004   0.012131835477   0.022782648209   0.034914483686   0.020373099509   0.032504934986   0.003160475421  19.989133657892   0.616753026288  -0.050399631282   0.003160475421   0.696963168804   0.000073320379  -0.343459735999   0.001106024049  -0.000073320379  -0.343459735999  -0.001106024049   0.000000000000
  0.000000000000   0.600000000000   8.000000000000  10.000000000000   0.800750395143   0.012922996346   0.029290781928   0.042213778274   0.026944797766   0.039867794111   0.018566029389  18.968934501515   0.671518249591  -0.069639958901   0.018566029389   0.798832569768   0.001253656860  -0.398050651206   0.006941735110  -0.001253656860  -0.398050651206  -0.006941735110   0.000000000000
  0.000000000000   0.600000000000   9.000000000000  10.000000000000   0.897033637537   0.013723842273   0.037687884718   0.051411726990   0.033163537194   0.046887379466   0.000756328068  17.448035497913   0.691947247631  -0.089548213893   0.000756328068   0.894032230925  -0.000025858063  -0.446998727542   0.000323332751   0.000025858063  -0.446998727542  -0.000323332751   0.000000000000
  0.000000000000   0.600000000000  10.000000000000  10.000000000000   0.995507225048   0.014676911593   0.046100285787   0.060777197381   0.041029294284   0.055706205877   0.016104227611  16.379617158226   0.720884826358  -0.113014160297   0.016104227611   0.990937082976   0.000782477710  -0.494231357901   0.005760478467  -0.000782477710  -0.494231357901  -0.005760478467   0.000000000000
  0.000000000000   0.600000000000  11.000000000000  10.000000000000   1.095179667067   0.015689438097   0.056207874168   0.071897312265   0.048881370610   0.064570808707   0.000572840292  15.232553659738   0.737523410179  -0.138393775894   0.000572840292   1.088776785876  -0.000008005243  -0.551961674203   0.000138147899   0.000008005243  -0.551961674203  -0.000138147899   0.000000000000
  0.000000000000   0.600000000000  12.000000000000  10.000000000000   1.191818838333   0.016785186716   0.066641818455   0.083427005171   0.057984042589   0.074769229304   0.002824128840  14.285767970360   0.752716712981  -0.166189144882   0.002824128840   1.183120186930   0.000204945478  -0.601272818498   0.001199980654  -0.000204945478  -0.601272818498  -0.001199980654   0.000000000000
  0.000000000000   0.600000000000  13.000000000000  10.000000000000   1.289015629513   0.017978850477   0.078001898719   0.095980749196   0.067551978346   0.085530828822   0.002335245612  13.429939235852   0.765332140627  -0.196444656112   0.002335245612   1.277569213166   0.000160828636  -0.650757433547   0.000912735376  -0.000160828636  -0.650757433547  -0.000912735376   0.000000000000
  0.000000000000   0.600000000000  14.000000000000  10.000000000000   1.384440683554   0.019240159739   0.089991736801   0.109231896540   0.077574304855   0.096814464594   0.003276465825  12.674326157505   0.775741370806  -0.228939272125   0.003276465825   1.369742466006   0.000350329502  -0.699095856678   0.001357331231  -0.000350329502  -0.699095856678  -0.001357331231   0.000000000000
  0.000000000000   0.600000000000  15.000000000000  10.000000000000   1.479778783289   0.020575085337   0.102990490894   0.123565576232   0.088376220773   0.108951306110   0.004626754754  11.975655586419   0.783454564011  -0.263639750331   0.004626754754   1.461337668421   0.000657373216  -0.748278405950   0.001991331750  -0.000657373216  -0.748278405950  -0.001991331750   0.000000000000
  0.000000000000   0.600000000000  16.000000000000  10.000000000000   1.574434869744   0.021989048217   0.116706102510   0.138695150727   0.099880450604   0.121869498821   0.001904678870  11.351765807874   0.790143267113  -0.300650728596   0.001904678870   1.551673497646   0.000490552598  -0.796806415858   0.000665382043  -0.000490552598  -0.796806415858  -0.000665382043   0.000000000000
  0.000000000000   0.600000000000  17.000000000000  10.000000000000   1.668922593780   0.023482119999   0.131244999086   0.154727119085   0.112148906244   0.135631026243   0.007242200541  10.786231939514   0.795836163887  -0.339979463937   0.007242200541   1.641236445340   0.000450877069  -0.847659992974   0.003119914294  -0.000450877069  -0.847659992974  -0.003119914294   0.000000000000
  0.000000000000   0.600000000000  18.000000000000  10.000000000000   1.762296050141   0.025028531402   0.146585834088   0.171614365491   0.124848310588   0.149876841990   0.002387522428  10.268930838632   0.800058636941  -0.381364468023   0.002387522428   1.729074897543   0.000593428239  -0.894673193702   0.000683005383  -0.000593428239  -0.894673193702  -0.000683005383   0.000000000000
  0.000000000000   0.600000000000  19.000000000000  10.000000000000   1.854306982337   0.026629449189   0.162493272501   0.189122721690   0.138157970880   0.164787420068   0.003628608144   9.804781603032   0.803780154686  -0.424884255611   0.003628608144   1.814854032130   0.000331436003  -0.943833170719   0.001376334837  -0.000331436003  -0.943833170719  -0.001376334837   0.000000000000
  0.000000000000   0.600000000000  20.000000000000  10.000000000000   1.945385407373   0.028310271784   0.178906879000   0.207217150784   0.151671031992   0.179981303777   0.013886384741   9.388148616131   0.807427117281  -0.470640568361   0.013886384741   1.898936751504   0.000858835324  -0.987714490307   0.004784193759  -0.000858835324  -0.987714490307  -0.004784193759   0.000000000000
  0.000000000000   0.600000000000  21.000000000000  10.000000000000   2.037119921495   0.030038467186   0.196534706129   0.226573173315   0.166240055972   0.196278523158   0.010897225848   8.991002296021   0.809734093920  -0.518514209467   0.010897225848   1.983011848678   0.001158222683  -1.037372126132   0.001900392484  -0.001158222683  -1.037372126132  -0.001900392484   0.000000000000
  0.000000000000   0.600000000000  22.000000000000  10.000000000000   2.123951334316   0.031726403700   0.214378223257   0.246104626957   0.182089067644   0.213815471344   0.001089330563   8.630277945512   0.810376923807  -0.567461937280   0.001089330563   2.061485800991   0.000739136818  -1.082858308144   0.000500694236  -0.000739136818  -1.082858308144  -0.000500694236   0.000000000000
  0.000000000000   0.600000000000  23.000000000000  10.000000000000   2.215279608191   0.033602401579   0.233618080647   0.267220482226   0.197367232284   0.230969633863   0.011167742387   8.290081620004   0.811904741071  -0.619600950397   0.011167742387   2.143586991670   0.000762241361  -1.127694075493   0.003479066163  -0.000762241361  -1.127694075493  -0.003479066163   0.000000000000
  0.000000000000   0.600000000000  24.000000000000  10.000000000000   2.301070476360   0.035396401212   0.252555165305   0.287951566518   0.213515105725   0.248911506938   0.001869328412   7.991171932797   0.812939294529  -0.672872835422   0.001869328412   2.219252934928   0.000166277933  -1.175080382646   0.000894988895  -0.000166277933  -1.175080382646  -0.000894988895   0.000000000000
  0.000000000000   0.600000000000  25.000000000000  10.000000000000   2.386648383265   0.037249951377   0.272230395547   0.309480346923   0.230068618494   0.267318569870   0.001332607431   7.711793033035   0.813694775273  -0.728156742770   0.001332607431   2.293830060931   0.000191029140  -1.218293765399   0.000491185568  -0.000191029140  -1.218293765399  -0.000491185568   0.000000000000
  0.000000000000   0.600000000000  26.000000000000  10.000000000000   2.472816191350   0.039158824237   0.292981331998   0.332140156235   0.247602159662   0.286760983899   0.001431436519   7.445098537250   0.813916789159  -0.785485674640   0.001431436519   2.368153131561   0.000193273576  -1.264008458657   0.000679497248  -0.000193273576  -1.264008458657  -0.000679497248   0.000000000000
  0.000000000000   0.600000000000  27.000000000000  10.000000000000   2.553392871021   0.040989481009   0.313085287218   0.354074768228   0.264984745358   0.305974226368  -0.002543854728   7.211451083629   0.814063016222  -0.843733177005  -0.002543854728   2.435836287869   0.000195015090  -1.305009432588  -0.000714558333  -0.000195015090  -1.305009432588   0.000714558333   0.000000000000
  0.000000000000   0.600000000000  28.000000000000  10.000000000000   2.641025275410   0.043050421238   0.335742102294   0.378792523532   0.283648400284   0.326698821522   0.006554509921   6.972221232835   0.814069414031  -0.905432316558   0.006554509921   2.509719227597   0.000042713368  -1.348811793949   0.003080441298  -0.000042713368  -1.348811793949  -0.003080441298   0.000000000000
  0.000000000000   0.600000000000  29.000000000000  10.000000000000   2.720510399402   0.044915990473   0.357151496582   0.402067487055   0.302487175140   0.347403165613  -0.002115182319   6.766302889420   0.813803487044  -0.967273465832  -0.002115182319   2.574338194508  -0.000057346818  -1.391691790244  -0.000646890593   0.000057346818  -1.391691790244   0.000646890593   0.000000000000
  0.000000000000   0.600000000000  30.000000000000  10.000000000000   2.797795985699   0.046772532205   0.378794336895   0.425566869100   0.321470329306   0.368242861511   0.003739258200   6.574280539309   0.813171214084  -1.030346273200   0.003739258200   2.635745832771   0.000566378410  -1.430383745614   0.001388159290  -0.000566378410  -1.430383745614  -0.001388159290   0.000000000000
  1.000000000000   0.600000000000 -10.000000000000  10.000000000000  -0.995134721192   0.014564168181   0.047748321999   0.062312490180   0.040743508985   0.055307677165  -0.010456294046 -15.970068253166   0.702597132394  -0.111626568840  -0.011542204406  -0.990803502459  -0.001764773339   0.500365067715   0.000575647360   0.001764773339   0.500365067715  -0.000575647360   0.000000000000
  1.000000000000   0.600000000000  -9.000000000000  10.000000000000  -0.894918507378   0.013621447649   0.038218453541   0.051839901191   0.033206729448   0.046828177097  -0.006591873419 -17.263121395372   0.682999735300  -0.088915857905  -0.007495600470  -0.891990890752  -0.002159684684   0.446641122448   0.001813604393   0.002159684684   0.446641122448  -0.001813604393   0.000000000000
  1.000000000000   0.600000000000  -8.000000000000  10.000000000000  -0.796232656755   0.012796559986   0.029435654138   0.042232214124   0.026311725500   0.039108285486  -0.000866774317 -18.853680141478   0.663672529576  -0.069014304460  -0.001603696069  -0.794358362976  -0.000999781032   0.395020814576   0.003948489730   0.000999781032   0.395020814576  -0.003948489730   0.000000000000
  1.000000000000   0.600000000000  -7.000000000000  10.000000000000  -0.696828483025   0.012059467280   0.022634232207   0.034693699487   0.020277036194   0.032336503474  -0.000625339027 -20.085159361214   0.618755250744  -0.050503008735  -0.001230732329  -0.695860553556  -0.000688920708   0.345352346687   0.003219360601   0.000688920708   0.345352346687  -0.003219360601   0.000000000000
  1.000000000000   0.600000000000  -6.000000000000  10.000000000000  -0.597966241847   0.011424442878   0.016678605718   0.028103048597   0.015189107473   0.026613550351   0.001569754019 -21.277629001285   0.562493644823  -0.034532406066   0.001079049112  -0.597630504946  -0.000424725233   0.294233462688   0.003862475815   0.000424725233   0.294233462688  -0.003862475815   0.000000000000
  1.000000000000   0.600000000000  -5.000000000000  10.000000000000  -0.498120324626   0.010878578875   0.011500100496   0.022378679371   0.010679662532   0.021558241406   0.001750811175 -22.258700630388   0.490175716279  -0.021093480948   0.001359982710  -0.498177622886  -0.000195830815   0.244129337804   0.004413642175   0.000195830815   0.244129337804  -0.004413642175   0.000000000000
  1.000000000000   0.600000000000  -4.000000000000  10.000000000000  -0.397279994241   0.010425566762   0.007306567001   0.017732133762   0.006918615297   0.017344182059   0.002049348896 -22.404522747362   0.393504872514  -0.009990927477   0.001739568364  -0.397551477790  -0.000362283266   0.190971185195   0.004409421664   0.000362283266   0.190971185195  -0.004409421664   0.000000000000
  1.000000000000   0.600000000000  -3.000000000000  10.000000000000  -0.296670023455   0.010082193015   0.004152232667   0.014234425682   0.003874629616   0.013956822630  -0.004208838898 -20.841727659916   0.273353792604  -0.001387110171  -0.004456622854  -0.297004462010  -0.000217829643   0.137806319523   0.002240156573   0.000217829643   0.137806319523  -0.002240156573   0.000000000000
  1.000000000000   0.600000000000  -2.000000000000  10.000000000000  -0.190453268746   0.009855966889   0.000961099454   0.010817066343   0.002189753992   0.012045720880   0.012301543500 -17.606739452799   0.148246718752   0.004376667919   0.012110886078  -0.190722195061   0.000012539349   0.073030859884   0.008371800037  -0.000012539349   0.073030859884  -0.008371800037   0.000000000000
  1.000000000000   0.600000000000  -1.000000000000  10.000000000000  -0.095966053448   0.009705724762  -0.000042131113   0.009663593649   0.000839670130   0.010545394892   0.007075417134  -9.930679717592   0.042132218870   0.008109275928   0.006905686549  -0.096122219707   0.000355535819   0.041133813736   0.006105812325  -0.000355535819   0.041133813736  -0.006105812325   0.000000000000
  1.000000000000   0.600000000000   0.000000000000  10.000000000000  -0.000180880325   0.009651808801  -0.000136777800   0.009515031001   0.000124080290   0.009775889091   0.001817085749  -0.019009956412   0.000000152016   0.009545294335   0.001650748810  -0.000180880325   0.000939944475  -0.000001024539   0.004205133077  -0.000939944475  -0.000001024539  -0.004205133077   0.000000000000
  1.000000000000   0.600000000000   1.000000000000  10.000000000000   0.099195149096   0.009705108488   0.000291933406   0.009997041894   0.000518610078   0.010223718565   0.002669005153   9.922450075468   0.043513806704   0.008309376340   0.002494126213   0.099355300002   0.001304700043  -0.049075073087   0.004578143295  -0.001304700043  -0.049075073087  -0.004578143295   0.000000000000
  1.000000000000   0.600000000000   2.000000000000  10.000000000000   0.197213332825   0.009862537390   0.001547591841   0.011410129231   0.001884749927   0.011747287317   0.005073421150  17.284057773004   0.150695298495   0.004607285140   0.004873514231   0.197494433030   0.001689118068  -0.093582269015   0.005223198936  -0.001689118068  -0.093582269015  -0.005223198936   0.000000000000
  1.000000000000   0.600000000000   3.000000000000  10.000000000000   0.296817222945   0.010116535286   0.003818310664   0.013934845950   0.004072445769   0.014188981055   0.006007490877  21.300359114817   0.279507679201  -0.001515882414   0.005763379312   0.297145114842   0.002199877376  -0.144388782466   0.005797069161  -0.002199877376  -0.144388782466  -0.005797069161   0.000000000000
  1.000000000000   0.600000000000   4.000000000000  10.000000000000   0.394127285735   0.010471109768   0.006600896744   0.017072006512   0.007201133867   0.017672243636   0.010565643433  23.086172410578   0.402259360072  -0.010281156788   0.010266086638   0.394370775881   0.002721331371  -0.195489894903   0.007474743643  -0.002721331371  -0.195489894903  -0.007474743643   0.000000000000
  1.000000000000   0.600000000000   5.000000000000  10.000000000000   0.496860023973   0.010923911627   0.011243749169   0.022167660796   0.010942094181   0.021866005808   0.006180072113  22.413732713891   0.492340957385  -0.021116814970   0.005792251832   0.496910466627   0.002427599709  -0.245298706499   0.005771409310  -0.002427599709  -0.245298706499  -0.005771409310   0.000000000000
  1.000000000000   0.600000000000   6.000000000000  10.000000000000   0.595395370937   0.011481335765   0.016020718289   0.027502054054   0.015543312037   0.027024647802   0.010129720664  21.649123726296   0.569853864055  -0.034712714448   0.009648200833   0.595026521785   0.002932130676  -0.290579921160   0.007021265724  -0.002932130676  -0.290579921160  -0.007021265724   0.000000000000
  1.000000000000   0.600000000000   7.000000000000  10.000000000000   0.694757726163   0.012133635351   0.021883140086   0.034016775437   0.021037927714   0.033171563065   0.011393411156  20.423973678953   0.627323198999  -0.050714230363   0.010798001294   0.693748310916   0.003355074613  -0.341579978287   0.007319445396  -0.003355074613  -0.341579978287  -0.007319445396   0.000000000000
  1.000000000000   0.600000000000   8.000000000000  10.000000000000   0.794803965189   0.012890234885   0.028618921334   0.041509156219   0.027385166136   0.040275401021   0.014458399843  19.147678189242   0.672812212768  -0.069266522872   0.013731763093   0.792880183854   0.003725876703  -0.389721203620   0.008859869676  -0.003725876703  -0.389721203620  -0.008859869676   0.000000000000
  1.000000000000   0.600000000000   9.000000000000  10.000000000000   0.893802735815   0.013742559482   0.035980482050   0.049723041532   0.034655361863   0.048397921345   0.017365531084  17.975624746251   0.710302583327  -0.090418825264   0.016495099499   0.890623164312   0.003973048954  -0.444353436855   0.009957212110  -0.003973048954  -0.444353436855  -0.009957212110   0.000000000000
  1.000000000000   0.600000000000  10.000000000000  10.000000000000   0.992679568988   0.014656259693   0.045118458993   0.059774718687   0.041611207429   0.056267467123   0.011681822408  16.607013647228   0.728816753377  -0.113318578855   0.010636830525   0.988012128558   0.003675647793  -0.493418776844   0.007444121636  -0.003675647793  -0.493418776844  -0.007444121636   0.000000000000
  1.000000000000   0.600000000000  11.000000000000  10.000000000000   1.092640426493   0.015688261543   0.055279825098   0.070968086640   0.049592100022   0.065280361565   0.012120507309  15.396222136136   0.743719475898  -0.138624383698   0.010880097405   1.086145193494   0.003552238810  -0.548375771333   0.007365096401  -0.003552238810  -0.548375771333  -0.007365096401   0.000000000000
  1.000000000000   0.600000000000  12.000000000000  10.000000000000   1.187613928524   0.016752890930   0.065898100593   0.082650991523   0.057946194448   0.074699085378   0.005703305150  14.369022157359   0.754432203187  -0.165988902636   0.004259977812   1.178863899737   0.004010660189  -0.596254554417   0.005211157623  -0.004010660189  -0.596254554417  -0.005211157623   0.000000000000
  1.000000000000   0.600000000000  13.000000000000  10.000000000000   1.288278809406   0.017989218117   0.077457661476   0.095446879593   0.068034249575   0.086023467693   0.011995181731  13.497338151896   0.768733333135  -0.196609279358   0.010327577071   1.276775005393   0.003700453315  -0.652231649475   0.007697440416  -0.003700453315  -0.652231649475  -0.007697440416   0.000000000000
  1.000000000000   0.600000000000  14.000000000000  10.000000000000   1.383233925732   0.019229311509   0.089663453478   0.108892764987   0.078037779659   0.097267091167   0.006614695140  12.702716529426   0.776801328950  -0.228880467918   0.004713246898   1.368513426483   0.003900202656  -0.699296517605   0.005298227641  -0.003900202656  -0.699296517605  -0.005298227641   0.000000000000
  1.000000000000   0.600000000000  15.000000000000  10.000000000000   1.478693746859   0.020560812818   0.102630034050   0.123190846868   0.088827324026   0.109388136844   0.005693562850  12.003276091160   0.784685727005  -0.263643025707   0.003542718964   1.460213478416   0.003979884135  -0.751676716047   0.005307825036  -0.003979884135  -0.751676716047  -0.005307825036   0.000000000000
  1.000000000000   0.600000000000  16.000000000000  10.000000000000   1.572625952027   0.022002817270   0.115409340705   0.137412157975   0.101272912799   0.123275730069   0.021789838926  11.444591040559   0.795689153104  -0.301039979365   0.019388347398   1.549680065703   0.004906037006  -0.797398288655   0.010775425286  -0.004906037006  -0.797398288655  -0.010775425286   0.000000000000
  1.000000000000   0.600000000000  17.000000000000  10.000000000000   1.668004803630   0.023470561108   0.130909346978   0.154379908086   0.112425589076   0.135896150184   0.008075251418  10.804545904399   0.796749018649  -0.339930878518   0.005379720617   1.640291573798   0.004935875352  -0.847081839468   0.005390846278  -0.004935875352  -0.847081839468  -0.005390846278   0.000000000000
  1.000000000000   0.600000000000  18.000000000000  10.000000000000   1.761287371128   0.025034478924   0.146071287014   0.171105765938   0.125488614106   0.150523093030   0.013978088753  10.293559433688   0.801518440797  -0.381329249284   0.010989752451   1.728025752927   0.004940578809  -0.894578068950   0.006408081972  -0.004940578809  -0.894578068950  -0.006408081972   0.000000000000
  1.000000000000   0.600000000000  19.000000000000  10.000000000000   1.855076085177   0.026649192221   0.162500458744   0.189149650965   0.138545947378   0.165195139600   0.007377823530   9.807451801853   0.804332524461  -0.425014682054   0.004075583266   1.815622541773   0.005058772550  -0.944758946665   0.004432340768  -0.005058772550  -0.944758946665  -0.004432340768   0.000000000000
  1.000000000000   0.600000000000  20.000000000000  10.000000000000   1.946735011350   0.028350376088   0.178680850820   0.207031226908   0.152670863933   0.181021240022   0.019708827015   9.403098462120   0.809273919409  -0.470983278912   0.016092632148   1.900248233618   0.005490988577  -0.988162975169   0.007427114372  -0.005490988577  -0.988162975169  -0.007427114372   0.000000000000
  1.000000000000   0.600000000000  21.000000000000  10.000000000000   2.036737695030   0.030056505903   0.195736097057   0.225792602960   0.167408382416   0.197464888320   0.020854537472   9.020391582036   0.812228479801  -0.518798274470   0.016910736947   1.982493386376   0.005833479290  -1.034297512443   0.006407440573  -0.005833479290  -1.034297512443  -0.006407440573   0.000000000000
  1.000000000000   0.600000000000  22.000000000000  10.000000000000   2.127139140255   0.031836861674   0.214552839835   0.246389701509   0.182899570839   0.214736432513   0.021910634542   8.633230720386   0.811870885675  -0.568072038810   0.017607204234   2.064677463432   0.005513935078  -1.077656139571   0.009496287165  -0.005513935078  -1.077656139571  -0.009496287165   0.000000000000
  1.000000000000   0.600000000000  23.000000000000  10.000000000000   2.216334285265   0.033649724031   0.233096499836   0.266746223867   0.198637316727   0.232287040758   0.023107076809   8.308774734037   0.814122899384  -0.620115784032   0.018448193974   2.144514217141   0.006101570088  -1.077248204904   0.007777170122  -0.006101570088  -1.077248204904  -0.007777170122   0.000000000000
  1.000000000000   0.600000000000  24.000000000000  10.000000000000   2.302921278822   0.035486404059   0.252210842930   0.287697246988   0.214816538792   0.250302942851   0.025431052544   8.004669154567   0.814967332114  -0.673492524819   0.020406169986   2.221002986951   0.005940322108  -1.172755629859   0.009294998392  -0.005940322108  -1.172755629859  -0.009294998392   0.000000000000
  1.000000000000   0.600000000000  25.000000000000  10.000000000000   2.387000223590   0.037277691393   0.272142228602   0.309419919995   0.230855297337   0.268132988730   0.014030072165   7.714436173432   0.814093657277  -0.728180995927   0.008627813114   2.294206964344   0.006133694798  -1.215620741156   0.005244575473  -0.006133694798  -1.215620741156  -0.005244575473   0.000000000000
  1.000000000000   0.600000000000  26.000000000000  10.000000000000   2.471650552957   0.039142299988   0.292708074510   0.331850374498   0.247756539054   0.286898839042   0.007827557841   7.448087279386   0.813859707053  -0.785157789723   0.002034778054   2.367016160182   0.005826353969  -1.260723956991   0.003517339777  -0.005826353969  -1.260723956991  -0.003517339777   0.000000000000
  1.000000000000   0.600000000000  27.000000000000  10.000000000000   2.555898573306   0.041067388341   0.313966089594   0.355033477935   0.265700373881   0.306767762222   0.010802614148   7.199035392867   0.813458956912  -0.843896722216   0.004604780301   2.438565172839   0.006372319975  -1.303092314515   0.004794802584  -0.006372319975  -1.303092314515  -0.004794802584   0.000000000000
  1.000000000000   0.600000000000  28.000000000000  10.000000000000   2.639151767763   0.043045414121   0.335311520633   0.378356934754   0.284473154076   0.327518568198   0.018498973154   6.975296407545   0.813850723731  -0.904703179396   0.011892916667   2.507985038052   0.006725797472  -1.338957450521   0.005601372395  -0.006725797472  -1.338957450521  -0.005601372395   0.000000000000
  1.000000000000   0.600000000000  29.000000000000  10.000000000000   2.718979594048   0.044924754142   0.356497919786   0.401422673928   0.303311537183   0.348236291326   0.021977283772   6.773358284534   0.814193663543  -0.966813289914   0.014968144867   2.572843021655   0.006658189165  -1.380351794956   0.006913099800  -0.006658189165  -1.380351794956  -0.006913099800   0.000000000000
  1.000000000000   0.600000000000  30.000000000000  10.000000000000   2.798410896461   0.046803865036   0.378959371808   0.425763236844   0.322450459630   0.369254324666   0.018266897262   6.572692647692   0.813153486990  -1.030263737201   0.010833522070   2.636503522740   0.006922368889  -1.453788239180   0.008246897968  -0.006922368889  -1.453788239180  -0.008246897968   0.000000000000
  2.000000000000   0.600000000000 -10.000000000000  10.000000000000  -0.992945693496   0.014610480991   0.042062405795   0.056672886787   0.041052635855   0.055663116847   0.014882689723 -17.520647875858   0.769118715022  -0.116133803453   0.012895768365  -0.987785958412  -0.002850974582   0.488662894601   0.011454465161   0.002850974582   0.488662894601  -0.011454465161   0.000000000000
  2.000000000000   0.600000000000  -9.000000000000  10.000000000000  -0.894262815425   0.013656648670   0.035988700016   0.049645348686   0.033584657311   0.047241305981   0.008828004479 -18.013023155098   0.712146757343  -0.090584963565   0.007090029014  -0.891062665151  -0.002045113666   0.441771461211   0.009060018751   0.002045113666   0.441771461211  -0.009060018751   0.000000000000
  2.000000000000   0.600000000000  -8.000000000000  10.000000000000  -0.795537772476   0.012797369604   0.027622602432   0.040419972036   0.026595877555   0.039393247159  -0.002112560703 -19.681799180203   0.692218692082  -0.070788244004  -0.003521910469  -0.793407338726  -0.002155811862   0.389855895499   0.005859809728   0.002155811862   0.389855895499  -0.005859809728   0.000000000000
  2.000000000000   0.600000000000  -7.000000000000  10.000000000000  -0.697365786754   0.012085822549   0.021904874160   0.033990696710   0.020793497784   0.032879320333   0.004551488470 -20.516372250689   0.632526795859  -0.051113066554   0.003362457618  -0.696326986660  -0.000863463990   0.339828210712   0.008177255716   0.000863463990   0.339828210712  -0.008177255716   0.000000000000
  2.000000000000   0.600000000000  -6.000000000000  10.000000000000  -0.595269057412   0.011433634992   0.015113696628   0.026547331620   0.015548418592   0.026982053584   0.005095816927 -22.422933722286   0.590097075926  -0.035659873356   0.004166224180  -0.594799962077  -0.000958624372   0.288950883100   0.008428010815   0.000958624372   0.288950883100  -0.008428010815   0.000000000000
  2.000000000000   0.600000000000  -5.000000000000  10.000000000000  -0.489009789718   0.010872010683   0.010561552787   0.021433563470   0.010722971526   0.021594982209   0.003352305697 -22.815141794335   0.493240179362  -0.021164467622   0.002602242986  -0.489026076685  -0.000904498625   0.240161168973   0.008704486841   0.000904498625   0.240161168973  -0.008704486841   0.000000000000
  2.000000000000   0.600000000000  -4.000000000000  10.000000000000  -0.397514475619   0.010471699717   0.005985314217   0.016457013934   0.007585493295   0.018057193012   0.010605795403 -24.154714652712   0.424495001653  -0.010953048067   0.010024993135  -0.397719253721   0.000365531752   0.195150785930   0.010400565750  -0.000365531752   0.195150785930  -0.010400565750   0.000000000000
  2.000000000000   0.600000000000  -3.000000000000  10.000000000000  -0.288800992398   0.010103754188   0.003484197173   0.013587951361   0.004095365009   0.014199119197   0.001237768218 -21.254196805035   0.271369541034  -0.001510474337   0.000762801540  -0.289118166678   0.000564147863   0.120684131350   0.007683922728  -0.000564147863   0.120684131350  -0.007683922728   0.000000000000
  2.000000000000   0.600000000000  -2.000000000000  10.000000000000  -0.197381655244   0.009850811326   0.001789847448   0.011640658774   0.002186785713   0.012037597040  -0.001496702039 -16.956227227344   0.147963206978   0.004685757989  -0.001902043421  -0.197665598382   0.000555858600   0.089460960787   0.006733461642  -0.000555858600   0.089460960787  -0.006733461642   0.000000000000
  2.000000000000   0.600000000000  -1.000000000000  10.000000000000  -0.097377920357   0.009711164661  -0.000083885730   0.009627278930   0.000955994707   0.010667159368   0.004199314611 -10.114791631269   0.043544685390   0.008067001466   0.003860769313  -0.097533563780   0.001021745762   0.045567857924   0.008159595328  -0.001021745762   0.045567857924  -0.008159595328   0.000000000000
  2.000000000000   0.600000000000   0.000000000000  10.000000000000  -0.000325151659   0.009663379785  -0.000478863458   0.009184516327   0.000410059467   0.010073439252   0.002199065691  -0.035402153699   0.000000508901   0.009255667653   0.001877191082  -0.000325151659   0.001868060815   0.002464379391   0.007175221386  -0.001868060815   0.002464379391  -0.007175221386   0.000000000000
  2.000000000000   0.600000000000   1.000000000000  10.000000000000   0.096930558106   0.009730965020  -0.000516866677   0.009214098343   0.001057781753   0.010788746773   0.008527055722  10.519809372178   0.045080248840   0.007812955999   0.008200293875   0.097081699003   0.002766864096  -0.046835991232   0.009501516440  -0.002766864096  -0.046835991232  -0.009501516440   0.000000000000
  2.000000000000   0.600000000000   2.000000000000  10.000000000000   0.197520799944   0.009870136208   0.001287518447   0.011157654655   0.002131886443   0.012002022651   0.003689496435  17.702716748849   0.154586113126   0.004379371537   0.003297852361   0.197794128646   0.002916688166  -0.101094541569   0.008198680048  -0.002916688166  -0.101094541569  -0.008198680048   0.000000000000
  2.000000000000   0.600000000000   3.000000000000  10.000000000000   0.296214200853   0.010140221614   0.002917857699   0.013058079313   0.004581594071   0.014721815686   0.009128732369  22.684362205840   0.297064099219  -0.002152261961   0.008667450996   0.296507913956   0.003443217633  -0.150318159418   0.009838029261  -0.003443217633  -0.150318159418  -0.009838029261   0.000000000000
  2.000000000000   0.600000000000   4.000000000000  10.000000000000   0.395217875721   0.010503341216   0.005869587380   0.016372928596   0.008204919024   0.018708260240   0.012682786205  24.138496263116   0.421759149156  -0.010804365408   0.012103653227   0.395427442665   0.004372688410  -0.194628822713   0.011217139310  -0.004372688410  -0.194628822713  -0.011217139310   0.000000000000
  2.000000000000   0.600000000000   5.000000000000  10.000000000000   0.494835478161   0.010954089199   0.009917651925   0.020871741124   0.012797655903   0.023751745101   0.012797229790  23.708394772791   0.518657546159  -0.021903184541   0.012061020803   0.494809388956   0.004749380635  -0.242849214980   0.011145362678  -0.004749380635  -0.242849214980  -0.011145362678   0.000000000000
  2.000000000000   0.600000000000   6.000000000000  10.000000000000   0.595103742468   0.011505073766   0.015111158969   0.026616232734   0.016474951402   0.027980025167   0.012215173632  22.358676692046   0.588242635514  -0.035327010450   0.011278839351   0.594668721834   0.004873290297  -0.295843806884   0.010770863726  -0.004873290297  -0.295843806884  -0.010770863726   0.000000000000
  2.000000000000   0.600000000000   7.000000000000  10.000000000000   0.694119949181   0.012173893331   0.020538546440   0.032712439771   0.023156304583   0.035330197914   0.017644043362  21.218837666771   0.651139194313  -0.051531936853   0.016491647403   0.693005342607   0.005468214470  -0.347364639199   0.012446829485  -0.005468214470  -0.347364639199  -0.012446829485   0.000000000000
  2.000000000000   0.600000000000   8.000000000000  10.000000000000   0.794508854493   0.012930927280   0.027232917314   0.040163844594   0.028649284440   0.041580211720   0.019513340101  19.781693274839   0.694832184151  -0.070151138574   0.018099755139   0.792457848307   0.006056066081  -0.403944813394   0.013564291205  -0.006056066081  -0.403944813394  -0.013564291205   0.000000000000
  2.000000000000   0.600000000000   9.000000000000  10.000000000000   0.893671166415   0.013776523935   0.034773033074   0.048549557008   0.037043121163   0.050819645098   0.021194578515  18.407401045063   0.727257052874  -0.091147776969   0.019487312246   0.890374500275   0.006499084410  -0.451281614803   0.014404886034  -0.006499084410  -0.451281614803  -0.014404886034   0.000000000000
  2.000000000000   0.600000000000  10.000000000000  10.000000000000   0.992508231565   0.014757372966   0.042360418456   0.057117791423   0.043791810786   0.058549183753   0.030235036000  17.376516263036   0.762455584576  -0.115092311040   0.028223235459   0.987525391138   0.007122185134  -0.510407990580   0.018270704750  -0.007122185134  -0.510407990580  -0.018270704750   0.000000000000
  2.000000000000   0.600000000000  11.000000000000  10.000000000000   1.089618667359   0.015736915896   0.053237625800   0.068974541696   0.051679857995   0.067416773891   0.025557198257  15.797403513951   0.760988279040  -0.139367457588   0.023134452712   1.082922438083   0.006335670644  -0.574131053450   0.026750969040  -0.006335670644  -0.574131053450  -0.026750969040   0.000000000000
  2.000000000000   0.600000000000  12.000000000000  10.000000000000   1.187506162442   0.016809230774   0.064358285084   0.081167515859   0.059922083550   0.076731314325   0.019525850367  14.630312999933   0.768081333617  -0.166884416559   0.016681250295   1.178563378737   0.007109889751  -0.609309045787   0.013094678341  -0.007109889751  -0.609309045787  -0.013094678341   0.000000000000
  2.000000000000   0.600000000000  13.000000000000  10.000000000000   1.284448465931   0.017994348288   0.075596233394   0.093590581682   0.068974743578   0.086969091866   0.019983915744  13.724120983612   0.779325601640  -0.197122173591   0.016705477885   1.272725497186   0.007411872515  -0.657588052680   0.013406171142  -0.007411872515  -0.657588052680  -0.013406171142   0.000000000000
  2.000000000000   0.600000000000  14.000000000000  10.000000000000   1.382213527883   0.019251631424   0.088554529223   0.107806160648   0.079889634525   0.099141265949   0.014666955142  12.821285161961   0.783473695454  -0.229350917044   0.010895639681   1.367344494411   0.007393594868  -0.703883655306   0.011346621622  -0.007393594868  -0.703883655306  -0.011346621622   0.000000000000
  2.000000000000   0.600000000000  15.000000000000  10.000000000000   1.477495593101   0.020587303510   0.101467779566   0.122055083076   0.089633516400   0.110220819911   0.014892931896  12.105154130947   0.790704551947  -0.264077615153   0.010624198555   1.458856610479   0.007744588512  -0.755533882422   0.011438830956  -0.007744588512  -0.755533882422  -0.011438830956   0.000000000000
  2.000000000000   0.600000000000  16.000000000000  10.000000000000   1.571341910884   0.021981075408   0.115163571908   0.137144647316   0.102244008969   0.124225084377   0.015390665464  11.457551874147   0.795939847623  -0.300852622452   0.010595010719   1.548398002157   0.008498030327  -0.801596021209   0.010070993044  -0.008498030327  -0.801596021209  -0.010070993044   0.000000000000
  2.000000000000   0.600000000000  17.000000000000  10.000000000000   1.667580572294   0.023489058833   0.130151157891   0.153640216724   0.113011084914   0.136500143747   0.013660177405  10.853802525481   0.800177736630  -0.340260106265   0.008289889757   1.639747303564   0.009149735194  -0.848795049188   0.009061237273  -0.009149735194  -0.848795049188  -0.009061237273   0.000000000000
  2.000000000000   0.600000000000  18.000000000000  10.000000000000   1.760201476453   0.025027413325   0.145364351493   0.170391764818   0.126578055759   0.151605469084   0.014974345355  10.330320120445   0.803884920282  -0.381481669923   0.009018636554   1.726834451229   0.007099233920  -0.542044267934   0.043888747616  -0.007099233920  -0.542044267934  -0.043888747616   0.000000000000
  2.000000000000   0.600000000000  19.000000000000  10.000000000000   1.853603896505   0.026657232991   0.161694729174   0.188351962165   0.139729661982   0.166386894974   0.017747114513   9.841171152103   0.806457415792  -0.424906987031   0.011162914768   1.814102606957   0.009316393562  -0.950868670787   0.009623499319  -0.009316393562  -0.950868670787  -0.009623499319   0.000000000000
  2.000000000000   0.600000000000  20.000000000000  10.000000000000   1.943634058853   0.028318215723   0.177202575066   0.205520790789   0.153760390542   0.182078606266   0.024566963114   9.457116486322   0.812626461951  -0.470947607596   0.017379425424   1.896961252195   0.009903979831  -0.995843729604   0.011431146092  -0.009903979831  -0.995843729604  -0.011431146092   0.000000000000
  2.000000000000   0.600000000000  21.000000000000  10.000000000000   2.033220473167   0.030004325512   0.194963112798   0.224967438310   0.168150274496   0.198154600008   0.020351762529   9.037843380559   0.812394559591  -0.518080705926   0.012488114414   1.979001380543   0.010145253471  -1.052078763994   0.009928037088  -0.010145253471  -1.052078763994  -0.009928037088   0.000000000000
  2.000000000000   0.600000000000  22.000000000000  10.000000000000   2.122025216470   0.031760162251   0.212753516288   0.244513678538   0.182557016939   0.214317179190   0.024053853686   8.678554218945   0.814171025351  -0.567575266994   0.015505796411   2.059362627799   0.010599320892  -1.093353625372   0.009920624037  -0.010599320892  -1.093353625372  -0.009920624037   0.000000000000
  2.000000000000   0.600000000000  23.000000000000  10.000000000000   2.210273054767   0.033542682208   0.231119280129   0.264661962337   0.199348546168   0.232891228376   0.023922028476   8.351306078331   0.816052409674  -0.619379773522   0.014670886541   2.138241954415   0.011193362674  -1.132808460386   0.009026726451  -0.011193362674  -1.132808460386  -0.009026726451   0.000000000000
  2.000000000000   0.600000000000  24.000000000000  10.000000000000   2.296864310561   0.035365096917   0.250599081403   0.285964178320   0.214000627936   0.249365724854   0.022762825920   8.032000105939   0.815599153486  -0.672411013538   0.012768953524   2.214854329601   0.011285177200  -1.169028879528   0.008744177187  -0.011285177200  -1.169028879528  -0.008744177187   0.000000000000
  2.000000000000   0.600000000000  25.000000000000  10.000000000000   2.381946649360   0.037201296712   0.270490193868   0.307691490580   0.230586346411   0.267787643123   0.023068242100   7.741347168466   0.815203987760  -0.727231193272   0.012315911389   2.289073862379   0.012156640797  -1.212679807543   0.007975384332  -0.012156640797  -1.212679807543  -0.007975384332   0.000000000000
  2.000000000000   0.600000000000  26.000000000000  10.000000000000   2.466585251034   0.039061077609   0.291031388000   0.330092465609   0.247611850147   0.286672927755   0.018565704512   7.472407001124   0.814843808962  -0.784193035913   0.007034333871   2.361851037307   0.011778152077  -1.257078522838   0.007129256169  -0.011778152077  -1.257078522838  -0.007129256169   0.000000000000
  2.000000000000   0.600000000000  27.000000000000  10.000000000000   2.550042616447   0.040962398691   0.311763565018   0.352725963708   0.265238497314   0.306200896005   0.023395653785   7.229529092888   0.815032955147  -0.842877934713   0.011071443177   2.432511976971   0.012916025808  -1.298630002387   0.006895309039  -0.012916025808  -1.298630002387  -0.006895309039   0.000000000000
  2.000000000000   0.600000000000  28.000000000000  10.000000000000   2.635396209243   0.042969111779   0.333646788157   0.376615899937   0.278156185942   0.321125297722   0.028287488271   6.997570229208   0.815287725670  -0.904042381473   0.015126550939   2.504082957437   0.012322781360  -1.345686709602   0.010398267023  -0.012322781360  -1.345686709602  -0.010398267023   0.000000000000
  2.000000000000   0.600000000000  29.000000000000  10.000000000000   2.717642189841   0.044936942063   0.355475344055   0.400412286118   0.302953218453   0.347890160516   0.034674112415   6.787109896622   0.815445383978  -0.966485553902   0.020678802623   2.571495562153   0.012621550467  -1.386105278600   0.011692395217  -0.012621550467  -1.386105278600  -0.011692395217   0.000000000000
  2.000000000000   0.600000000000  30.000000000000  10.000000000000   2.795533670493   0.046784805583   0.377787767615   0.424572573199   0.321640581003   0.368425386586   0.023196783528   6.584348229168   0.813757942050  -1.029599092184   0.008365283556   2.633564921346   0.012707628419  -1.422897385366   0.006907934504  -0.012707628419  -1.422897385366  -0.006907934504   0.000000000000
  3.000000000000   0.600000000000 -10.000000000000  10.000000000000  -0.989840127611   0.014578756272   0.043268909938   0.057847666210   0.041318409133   0.055897165405   0.010192947856 -17.111150586782   0.748793370102  -0.114467824714   0.007151465848  -0.984926241169  -0.003442627810   0.492449681624   0.013841586981   0.003442627810   0.492449681624  -0.013841586981   0.000000000000
  3.000000000000   0.600000000000  -9.000000000000  10.000000000000  -0.891447022444   0.013658209622   0.034296964245   0.047955173867   0.033804017960   0.047462227582   0.008435815536 -18.589172982972   0.732610820377  -0.091717122815   0.005914474662  -0.888032456546  -0.003003064642   0.445548303578   0.013935523310   0.003003064642   0.445548303578  -0.013935523310   0.000000000000
  3.000000000000   0.600000000000  -8.000000000000  10.000000000000  -0.792233293326   0.012817305264   0.026808271118   0.039625576382   0.027037166853   0.039854472117   0.005673856339 -19.992978415897   0.700242245095  -0.070777341265   0.003592238085  -0.790071916848  -0.002465051783   0.390163630633   0.013061640928   0.002465051783   0.390163630633  -0.013061640928   0.000000000000
  3.000000000000   0.600000000000  -7.000000000000  10.000000000000  -0.694234609171   0.012081398272   0.021281019964   0.033362418236   0.020879252482   0.032960650754  -0.000363119217 -20.808881546424   0.638664416165  -0.051556419926  -0.002108675636  -0.693117857531  -0.001660077619   0.333677314288   0.010412433905   0.001660077619   0.333677314288  -0.010412433905   0.000000000000
  3.000000000000   0.600000000000  -6.000000000000  10.000000000000  -0.596455989486   0.011434211640   0.015912363196   0.027346574835   0.016105157167   0.027539368807  -0.001953485038 -21.810994359421   0.575137374721  -0.035288810215  -0.003382016998  -0.596032432413  -0.001380765406   0.288926530201   0.010015417230   0.001380765406   0.288926530201  -0.010015417230   0.000000000000
  3.000000000000   0.600000000000  -5.000000000000  10.000000000000  -0.492828551816   0.010952836592   0.007926995999   0.018879832591   0.012045509881   0.022998346473   0.016650426063 -26.103438653253   0.568736764888  -0.023302525079   0.015639513141  -0.492672370044  -0.000605325980   0.222506030105   0.016801013491   0.000605325980   0.222506030105  -0.016801013491   0.000000000000
  3.000000000000   0.600000000000  -4.000000000000  10.000000000000  -0.393445168749   0.010486722471   0.005518209950   0.016004932421   0.007924480062   0.018411202533   0.010376237915 -24.582744768649   0.427594696672  -0.010959555656   0.009524384199  -0.393639554964   0.000231761237   0.182346930610   0.011606326081  -0.000231761237   0.182346930610  -0.011606326081   0.000000000000
  3.000000000000   0.600000000000  -3.000000000000  10.000000000000  -0.299191520187   0.010134784769   0.002640669848   0.012775454617   0.004976283897   0.015111068667   0.005606548766 -23.419246449369   0.309770401387  -0.002624990367   0.004930249552  -0.299464544556   0.000914385179   0.149432272604   0.010244902344  -0.000914385179   0.149432272604  -0.010244902344   0.000000000000
  3.000000000000   0.600000000000  -2.000000000000  10.000000000000  -0.202766473477   0.009862903984   0.001446075215   0.011308979199   0.002689648428   0.012552552412  -0.001527891166 -17.929688428056   0.160726175928   0.004130238147  -0.002117663485  -0.203034299719   0.001351064925   0.100850433959   0.008444094823  -0.001351064925   0.100850433959  -0.008444094823   0.000000000000
  3.000000000000   0.600000000000  -1.000000000000  10.000000000000  -0.097344670260   0.009781157611  -0.002082180156   0.007698977454   0.001762672560   0.011543830171   0.013928915649 -12.643844047825   0.054413796751   0.006717228631   0.013506893207  -0.097476748245   0.001815597743   0.054302368982   0.012204415471  -0.001815597743   0.054302368982  -0.012204415471   0.000000000000
  3.000000000000   0.600000000000   0.000000000000  10.000000000000   0.001368854014   0.009708371589  -0.002029563953   0.007678807636   0.001535427495   0.011243799083   0.010963290061   0.178263876234   0.000010787932   0.008242058365   0.010546387513   0.001368854014   0.002874784670  -0.012478377828   0.015027603121  -0.002874784670  -0.012478377828  -0.015027603121   0.000000000000
  3.000000000000   0.600000000000   1.000000000000  10.000000000000   0.096646288056   0.009765409730  -0.001687444230   0.008077965500   0.002091579875   0.011856989605   0.012035013794  11.964186780757   0.051119439601   0.007008724026   0.011595752177   0.096783347729   0.004105047427  -0.061316330388   0.014947500369  -0.004105047427  -0.061316330388  -0.014947500369   0.000000000000
  3.000000000000   0.600000000000   2.000000000000  10.000000000000   0.195843753398   0.009917559409  -0.000226458154   0.009691101254   0.003638646777   0.013556206185   0.012457643427  20.208616983444   0.174970179708   0.003488661556   0.011933377609   0.196084955588   0.004696400534  -0.104096224344   0.014983916940  -0.004696400534  -0.104096224344  -0.014983916940   0.000000000000
  3.000000000000   0.600000000000   3.000000000000  10.000000000000   0.295745007510   0.010167603955   0.001860379069   0.012027983024   0.005455901842   0.015623505797   0.011269431376  24.588079889559   0.321484292730  -0.002894071851   0.010624491019   0.295999200109   0.004762926222  -0.157666172493   0.014808494520  -0.004762926222  -0.157666172493  -0.014808494520   0.000000000000
  3.000000000000   0.600000000000   4.000000000000  10.000000000000   0.395610620639   0.010521262781   0.005085351833   0.015606614614   0.008219859026   0.018741121808   0.010340580039  25.348906885110   0.443348148953  -0.011509274561   0.009509621534   0.395771854577   0.005363882504  -0.209861301069   0.014193631063  -0.005363882504  -0.209861301069  -0.014193631063   0.000000000000
  3.000000000000   0.600000000000   5.000000000000  10.000000000000   0.495282487513   0.010967758780   0.009451819204   0.020419577984   0.010718137674   0.021685896454   0.010893312543  24.255275398138   0.531100736263  -0.022284773097   0.009809705497   0.495224721138   0.006262275289  -0.262598425809   0.015178707950  -0.006262275289  -0.262598425809  -0.015178707950   0.000000000000
  3.000000000000   0.600000000000   6.000000000000  10.000000000000   0.592336461529   0.011532548261   0.013750525839   0.025283074100   0.016361964851   0.027894513112   0.014958614141  23.428181999771   0.613514423128  -0.036027324334   0.013614900021   0.591812591982   0.006922605000  -0.302715590710   0.017027644646  -0.006922605000  -0.302715590710  -0.017027644646   0.000000000000
  3.000000000000   0.600000000000   7.000000000000  10.000000000000   0.694549921031   0.012185173733   0.020010484756   0.032195658488   0.019927365018   0.032112538750   0.014330861952  21.572781972513   0.662410704130  -0.051988031217   0.012626231430   0.693382542125   0.007148793402  -0.366037033673   0.015841803523  -0.007148793402  -0.366037033673  -0.015841803523   0.000000000000
  3.000000000000   0.600000000000   8.000000000000  10.000000000000   0.793851064672   0.012923368277   0.027199015099   0.040122383376   0.027405239179   0.040328607456   0.013830579641  19.785740473950   0.694398958861  -0.070088458198   0.011711782012   0.791802403160   0.007739431914  -0.414654468094   0.015769586932  -0.007739431914  -0.414654468094  -0.015769586932   0.000000000000
  3.000000000000   0.600000000000   9.000000000000  10.000000000000   0.893349275219   0.013781739048   0.034680795457   0.048462534505   0.033926187741   0.047707926789   0.017269538845  18.433812518098   0.728038216000  -0.091057643870   0.014709538457   0.890062872346   0.008288934365  -0.469930461913   0.017126870862  -0.008288934365  -0.469930461913  -0.017126870862   0.000000000000
  3.000000000000   0.600000000000  10.000000000000  10.000000000000   0.992260748805   0.014682104518   0.044438631686   0.059120736205   0.041294854126   0.055976958644   0.012579566267  16.783633163282   0.736257127414  -0.113513141809   0.009468186146   0.987552540700   0.008676262095  -0.513884181914   0.014948301485  -0.008676262095  -0.513884181914  -0.014948301485   0.000000000000
  3.000000000000   0.600000000000  11.000000000000  10.000000000000   1.089242889809   0.015761737150   0.052041494903   0.067803232053   0.050552936142   0.066314673292   0.026199015222  16.064763534640   0.773600589931  -0.140025101934   0.022614563397   1.082411794108   0.009994899267  -0.566136766530   0.018435017408  -0.009994899267  -0.566136766530  -0.018435017408   0.000000000000
  3.000000000000   0.600000000000  12.000000000000  10.000000000000   1.185172403842   0.016819285017   0.063342861708   0.080162146725   0.058443174127   0.075262459144   0.020492608284  14.784688936903   0.774660556363  -0.167059182102   0.016269161273   1.176140335019   0.010188950657  -0.599435123869   0.014886580003  -0.010188950657  -0.599435123869  -0.014886580003   0.000000000000
  3.000000000000   0.600000000000  13.000000000000  10.000000000000   1.285513067090   0.018013819123   0.075398002161   0.093411821284   0.068076820018   0.086090639141   0.017740343749  13.761781425779   0.782111861742  -0.197379912490   0.012827234233   1.273758598015   0.010462995030  -0.663366529075   0.014589063263  -0.010462995030  -0.663366529075  -0.014589063263   0.000000000000
  3.000000000000   0.600000000000  14.000000000000  10.000000000000   1.380110730216   0.019237962688   0.087883235197   0.107121197885   0.077443941161   0.096681903849   0.012505247635  12.883637949055   0.786086188225  -0.229447175191   0.006881819302   1.365153322624   0.010659988588  -0.721348518886   0.012741902293  -0.010659988588  -0.721348518886  -0.012741902293   0.000000000000
  3.000000000000   0.600000000000  15.000000000000  10.000000000000   1.474809834973   0.020631191822   0.098948138766   0.119579330588   0.089795871575   0.110427063397   0.027789622346  12.333317369537   0.804143680905  -0.264957565653   0.021493239021   1.455840327036   0.012015649376  -0.745698015174   0.018562339359  -0.012015649376  -0.745698015174  -0.018562339359   0.000000000000
  3.000000000000   0.600000000000  16.000000000000  10.000000000000   1.569515422031   0.022030950439   0.112786113850   0.134817064289   0.100782209776   0.122813160215   0.026527300826  11.641815747187   0.807800337273  -0.301865655672   0.019435166105   1.546207424232   0.012569903848  -0.814090004292   0.016550816674  -0.012569903848  -0.814090004292  -0.016550816674   0.000000000000
  3.000000000000   0.600000000000  17.000000000000  10.000000000000   1.662588047348   0.023485491720   0.127434090512   0.150919582232   0.112792860503   0.136278352223   0.025442050619  11.016383843389   0.809732246467  -0.340693027609   0.017508662521   1.634394304047   0.012727486781  -0.860391142444   0.015482344844  -0.012727486781  -0.860391142444  -0.015482344844   0.000000000000
  3.000000000000   0.600000000000  18.000000000000  10.000000000000   1.756901223879   0.025023978034   0.143254336365   0.168278314399   0.125201111604   0.150225089638   0.024691777644  10.440449383817   0.810931664772  -0.381860460705   0.015850931922   1.723241283731   0.013307536590  -0.904448534709   0.014549600712  -0.013307536590  -0.904448534709  -0.014549600712   0.000000000000
  3.000000000000   0.600000000000  19.000000000000  10.000000000000   1.849253133529   0.026611219790   0.159898161234   0.186509381024   0.138464992805   0.165076212595   0.020182998193   9.915067667775   0.810605912269  -0.424952776474   0.010394191291   1.809485383485   0.013551697598  -0.952945901138   0.012984673755  -0.013551697598  -0.952945901138  -0.012984673755   0.000000000000
  3.000000000000   0.600000000000  20.000000000000  10.000000000000   1.939975199087   0.028271624492   0.175847856858   0.204119481350   0.152647178563   0.180918803055   0.026292392307   9.504115855373   0.815127641967  -0.470670841328   0.015573571253   1.893168309642   0.014412781226  -0.996453432164   0.013757154319  -0.014412781226  -0.996453432164  -0.013757154319   0.000000000000
  3.000000000000   0.600000000000  21.000000000000  10.000000000000   2.030447262709   0.029980437076   0.193483992242   0.223464429318   0.166929657912   0.196910094989   0.024536715285   9.086221323476   0.815629164317  -0.518112254592   0.012807863975   1.976018759645   0.014597186974  -1.045109328330   0.013182432173  -0.014597186974  -1.045109328330  -0.013182432173   0.000000000000
  3.000000000000   0.600000000000  22.000000000000  10.000000000000   2.119730025386   0.031731439409   0.211481891777   0.243213331185   0.182367059837   0.214098499245   0.025770167860   8.715517422728   0.816754334875  -0.567619915777   0.013006048482   2.056869145196   0.015203123329  -1.094403575986   0.013051212285  -0.015203123329  -1.094403575986  -0.013051212285   0.000000000000
  3.000000000000   0.600000000000  23.000000000000  10.000000000000   2.207227214459   0.033503420596   0.230365839725   0.263869260321   0.197861017393   0.231364437989   0.024319691884   8.364851638182   0.816249646177  -0.618700708503   0.010476512529   2.135221320188   0.015584891975  -1.140545962382   0.014063072069  -0.015584891975  -1.140545962382  -0.014063072069   0.000000000000
  3.000000000000   0.600000000000  24.000000000000  10.000000000000   2.293375395045   0.035336927697   0.248714932287   0.284051859984   0.214438651217   0.249775578915   0.033393595774   8.073791156208   0.818597438566  -0.672064560577   0.018481705297   2.211189486901   0.017165299061  -1.183066854943   0.013928413741  -0.017165299061  -1.183066854943  -0.013928413741   0.000000000000
  3.000000000000   0.600000000000  25.000000000000  10.000000000000   2.379494848455   0.037183404230   0.268769163246   0.305952567476   0.231223710088   0.268407114318   0.031800153503   7.777332506429   0.818150418719  -0.727202434477   0.015744252314   2.286382009845   0.017079279105  -1.222815593243   0.012625059569  -0.017079279105  -1.222815593243  -0.012625059569   0.000000000000
  3.000000000000   0.600000000000  26.000000000000  10.000000000000   2.463628880870   0.039031021059   0.289263789657   0.328294810716   0.248098629301   0.287129650360   0.028801484920   7.504318680810   0.817342866349  -0.783963978723   0.011580390637   2.358673492782   0.017332081907  -1.265274995704   0.012802915990  -0.017332081907  -1.265274995704  -0.012802915990   0.000000000000
  3.000000000000   0.600000000000  27.000000000000  10.000000000000   2.547185138361   0.040947478688   0.309719779596   0.350667258285   0.265938406138   0.306885884826   0.034975283991   7.263823690924   0.817981587095  -0.842748280246   0.016574845294   2.429371016592   0.017828576569  -1.314395364442   0.015587082398  -0.017828576569  -1.314395364442  -0.015587082398   0.000000000000
  3.000000000000   0.600000000000  28.000000000000  10.000000000000   2.629787239129   0.042860405322   0.331255381989   0.374115787312   0.284381226346   0.327241631668   0.034828139778   7.029340456404   0.817246206158  -0.903128984436   0.015200701548   2.498216067690   0.018191499834  -1.348987885106   0.013060635668  -0.018191499834  -1.348987885106  -0.013060635668   0.000000000000
  3.000000000000   0.600000000000  29.000000000000  10.000000000000   2.710021584642   0.044765375092   0.352599989009   0.397365364101   0.303292969473   0.348058344565   0.038398779195   6.819974334631   0.817096238925  -0.965019585354   0.017549658694   2.563595111834   0.018894819866  -1.389983403601   0.014253351942  -0.018894819866  -1.389983403601  -0.014253351942   0.000000000000
  3.000000000000   0.600000000000  30.000000000000  10.000000000000   2.790322677884   0.046674673879   0.375342327438   0.422017001317   0.322332193895   0.369006867775   0.034919103341   6.611872671417   0.815636460853  -1.028602086322   0.012784584609   2.628123406978   0.018962596228  -1.434202786731   0.013191375795  -0.018962596228  -1.434202786731  -0.013191375795   0.000000000000
  4.000000000000   0.600000000000 -10.000000000000  10.000000000000  -0.989564548943   0.014586987463   0.041852222797   0.056439210260   0.041950222997   0.056537210460   0.009464296308 -17.533281284144   0.767052429391  -0.115739537095   0.005504241470  -0.984422174051  -0.004468035430   0.490338854266   0.017006499192   0.004468035430   0.490338854266  -0.017006499192   0.000000000000
  4.000000000000   0.600000000000  -9.000000000000  10.000000000000  -0.889596719674   0.013692183063   0.032535065163   0.046227248225   0.034770095907   0.048462278970   0.012461156229 -19.243990369862   0.756843394584  -0.092758149272   0.009206151651  -0.885994207128  -0.003732218747   0.433548567307   0.019770616575   0.003732218747   0.433548567307  -0.019770616575   0.000000000000
  4.000000000000   0.600000000000  -8.000000000000  10.000000000000  -0.793218279351   0.012883395593   0.025197712335   0.038081107928   0.028578496410   0.041461892003   0.012780058043 -20.829705922657   0.730455180551  -0.071893187521   0.010092522659  -0.790909760931  -0.002926565900   0.383998896587   0.018009530607   0.002926565900   0.383998896587  -0.018009530607   0.000000000000
  4.000000000000   0.600000000000  -7.000000000000  10.000000000000  -0.696160850879   0.012082401720   0.021404223076   0.033486624796   0.021786434178   0.033868835898  -0.005163271817 -20.789221222428   0.639831384115  -0.052042095910  -0.007486603210  -0.694998931466  -0.002385709008   0.336995482025   0.012421284793   0.002385709008   0.336995482025  -0.012421284793   0.000000000000
  4.000000000000   0.600000000000  -6.000000000000  10.000000000000  -0.596020285876   0.011444322053   0.015153938844   0.026598260897   0.015913005827   0.027357327880  -0.017090970495 -22.408242711440   0.590454670879  -0.037098643614  -0.018904738638  -0.595404107670  -0.001731473457   0.282097395786   0.007836161500   0.001731473457   0.282097395786  -0.007836161500   0.000000000000
  4.000000000000   0.600000000000  -5.000000000000  10.000000000000  -0.489688054972   0.010957809732   0.008247735489   0.019205545221   0.012081375804   0.023039185536   0.013006215105 -25.497222252121   0.551988590667  -0.022689454264   0.011634821508  -0.489573513759  -0.000550349987   0.210694340342   0.018615051329   0.000550349987   0.210694340342  -0.018615051329   0.000000000000
  4.000000000000   0.600000000000  -4.000000000000  10.000000000000  -0.392186729755   0.010552744441   0.002048886237   0.012601630678   0.009057669669   0.019610414110   0.017922263280 -31.121903171243   0.539605991187  -0.013570103262   0.016999560227  -0.392195495719   0.000160446419   0.167765852532   0.018857985753  -0.000160446419   0.167765852532  -0.018857985753   0.000000000000
  4.000000000000   0.600000000000  -3.000000000000  10.000000000000  -0.291054437108   0.010211748700  -0.001436129904   0.008775618796   0.006188265287   0.016400013987   0.018586126364 -33.166258002011   0.426764632291  -0.005195642016   0.017928695272  -0.291181572440   0.001461393511   0.110678475572   0.019836661165  -0.001461393511   0.110678475572  -0.019836661165   0.000000000000
  4.000000000000   0.600000000000  -2.000000000000  10.000000000000  -0.194043097054   0.009971774891  -0.002911446175   0.007060328715   0.003885448501   0.013857223392   0.017330164703 -27.483578297586   0.235770353720   0.001474987954   0.016795445658  -0.194212882632   0.001941902345   0.016497967517   0.027232543303  -0.001941902345   0.016497967517  -0.027232543303   0.000000000000
  4.000000000000   0.600000000000  -1.000000000000  10.000000000000  -0.099628070798   0.009762680352  -0.000995830610   0.008766849742   0.001743202175   0.011505882527   0.005606160037 -11.364181402186   0.050053862876   0.007396418966   0.004980959189  -0.099772351920   0.002511931087   0.052648811044   0.012004063729  -0.002511931087   0.052648811044  -0.012004063729   0.000000000000
  4.000000000000   0.600000000000   0.000000000000  10.000000000000   0.002055857421   0.009719797848  -0.002660948122   0.007058849726   0.002156209047   0.011876006895   0.007637588826   0.291245387140   0.000026470965   0.007574425987   0.007126583578   0.002055857421   0.003372707539  -0.013072382943   0.015981875620  -0.003372707539  -0.013072382943  -0.015981875620   0.000000000000
  4.000000000000   0.600000000000   1.000000000000  10.000000000000   0.099537499737   0.009837741686  -0.003795257392   0.006042484294   0.002966137375   0.012803879061   0.017355453280  16.472943062603   0.072489590458   0.005500148980   0.016891673871   0.099648667547   0.005203465770  -0.072307327381   0.018924535943  -0.005203465770  -0.072307327381  -0.018924535943   0.000000000000
  4.000000000000   0.600000000000   2.000000000000  10.000000000000   0.195840785912   0.009983778967  -0.002359229728   0.007624549238   0.004760633568   0.014744412534   0.019126613128  25.685555930869   0.222387224380   0.002099990327   0.018548159991   0.196033492825   0.006124609685  -0.112247008702   0.020717417310  -0.006124609685  -0.112247008702  -0.020717417310   0.000000000000
  4.000000000000   0.600000000000   3.000000000000  10.000000000000   0.296388885655   0.010191280918   0.000773964234   0.010965245152   0.006124196610   0.016315477528   0.010673661076  27.029845802813   0.354179322888  -0.003844715696   0.009882763739   0.296594140745   0.005937354908  -0.171904170064   0.018750775902  -0.005937354908  -0.171904170064  -0.018750775902   0.000000000000
  4.000000000000   0.600000000000   4.000000000000  10.000000000000   0.390420404749   0.010606067586   0.002116770470   0.012722838056   0.009618957142   0.020225024728   0.022277436280  30.686581329131   0.529661903145  -0.013023211605   0.021335669246   0.390463099918   0.008000353217  -0.215177262463   0.021396674602  -0.008000353217  -0.215177262463  -0.021396674602   0.000000000000
  4.000000000000   0.600000000000   5.000000000000  10.000000000000   0.491285909381   0.011122617544   0.004435124626   0.015557742170   0.009805784593   0.020928402137   0.029519464476  31.578226711985   0.685866779347  -0.025306263763   0.028362303311   0.490948530547   0.009176632190  -0.252084148866   0.018213737023  -0.009176632190  -0.252084148866  -0.018213737023   0.000000000000
  4.000000000000   0.600000000000   6.000000000000  10.000000000000   0.592663518056   0.011630661089   0.011445969565   0.023076630653   0.019450494928   0.031081156017   0.025216194116  25.682411221813   0.672917327464  -0.037306541054   0.023545024354   0.592006998933   0.009820719207  -0.329806194717   0.020060425772  -0.009820719207  -0.329806194717  -0.020060425772   0.000000000000
  4.000000000000   0.600000000000   7.000000000000  10.000000000000   0.695889216392   0.012270905167   0.018032871896   0.030303777064   0.024022275476   0.036293180643   0.023085168941  22.963778242343   0.706482115440  -0.053204596075   0.020915050001   0.694582519979   0.010225783283  -0.375857452770   0.019782813397  -0.010225783283  -0.375857452770  -0.019782813397   0.000000000000
  4.000000000000   0.600000000000   8.000000000000  10.000000000000   0.791277132249   0.013040125580   0.023123268367   0.036163393947   0.030964050514   0.044004176094   0.028571531159  21.880610359694   0.765430508962  -0.072426619788   0.025979301505   0.788874568049   0.010565769535  -0.438949897036   0.027191918089  -0.010565769535  -0.438949897036  -0.027191918089   0.000000000000
  4.000000000000   0.600000000000   9.000000000000  10.000000000000   0.893684286360   0.013788066839   0.034368318152   0.048156384991   0.035656387792   0.049444454631   0.012956233569  18.557960414321   0.733216259339  -0.091462731445   0.009565453230   0.890337899874   0.010468313899  -0.484977852580   0.018746669327  -0.010468313899  -0.484977852580  -0.018746669327   0.000000000000
  4.000000000000   0.600000000000  10.000000000000  10.000000000000   0.989010268497   0.014767529352   0.040762958077   0.055530487428   0.044178255309   0.058945784660   0.024892565575  17.810221272980   0.778731669732  -0.115476153187   0.020958317548   0.983905784625   0.011719864377  -0.536351665402   0.022243514368  -0.011719864377  -0.536351665402  -0.022243514368   0.000000000000
  4.000000000000   0.600000000000  11.000000000000  10.000000000000   1.086149827722   0.015706447029   0.052135606546   0.067842053575   0.051284935948   0.066991382976   0.014687999220  16.009978626633   0.768773157365  -0.139808018474   0.009919797563   1.079303036872   0.011799168112  -0.569475919372   0.023666375252  -0.011799168112  -0.569475919372  -0.023666375252   0.000000000000
  4.000000000000   0.600000000000  12.000000000000  10.000000000000   1.185737284361   0.016799188016   0.063571967029   0.080371155045   0.059492347771   0.076291535787   0.011117200325  14.753269175977   0.773382718776  -0.167346742782   0.005483711017   1.176656712395   0.012565639571  -0.620024914999   0.017253233695  -0.012565639571  -0.620024914999  -0.017253233695   0.000000000000
  4.000000000000   0.600000000000  13.000000000000  10.000000000000   1.282238541023   0.018084381179   0.072259234506   0.090343615685   0.071259757618   0.089344138797   0.030935296735  14.192907061622   0.804559017440  -0.198524599695   0.024557887851   1.270133666597   0.014338823517  -0.680429844360   0.024254080248  -0.014338823517  -0.680429844360  -0.024254080248   0.000000000000
  4.000000000000   0.600000000000  14.000000000000  10.000000000000   1.378580178709   0.019290715079   0.085819375453   0.105110090532   0.080257219596   0.099547934675   0.023189062520  13.115583591735   0.799350720721  -0.230199757790   0.015800465858   1.363388275464   0.014710079317  -0.724944311161   0.020272469767  -0.014710079317  -0.724944311161  -0.020272469767   0.000000000000
  4.000000000000   0.600000000000  15.000000000000  10.000000000000   1.471314203059   0.020591744718   0.098250490272   0.118842234990   0.090302435857   0.110894180575   0.021915360619  12.380398291720   0.805300122700  -0.264814334719   0.013571960657   1.452259761194   0.014888076180  -0.779070794215   0.020199585593  -0.014888076180  -0.779070794215  -0.020199585593   0.000000000000
  4.000000000000   0.600000000000  16.000000000000  10.000000000000   1.565749864802   0.022072646136   0.109875612624   0.131948258760   0.103567075970   0.125639722106   0.035762511628  11.866392777853   0.821407801788  -0.302653286154   0.026471150700   1.542064267765   0.016112390311  -0.847973747470   0.025087880749  -0.016112390311  -0.847973747470  -0.025087880749   0.000000000000
  4.000000000000   0.600000000000  17.000000000000  10.000000000000   1.659892698949   0.023596475407   0.123312837016   0.146909312423   0.116589742107   0.140186217513   0.043638012510  11.298757523108   0.829141063928  -0.342246786572   0.033283836910   1.631100768659   0.017326289657  -0.885697326621   0.025773236556  -0.017326289657  -0.885697326621  -0.025773236556   0.000000000000
  4.000000000000   0.600000000000  18.000000000000  10.000000000000   1.753094846683   0.025030376781   0.141010353710   0.166040730491   0.127062790266   0.152093167047   0.028776689458  10.558221717644   0.818302564226  -0.382297539356   0.017124175032   1.719097006436   0.017314625184  -0.923793079563   0.019160397409  -0.017314625184  -0.923793079563  -0.019160397409   0.000000000000
  4.000000000000   0.600000000000  19.000000000000  10.000000000000   1.844769943308   0.026628958523   0.156763358719   0.183392317242   0.140570904330   0.167199862853   0.030666506885  10.059145176016   0.820391234236  -0.425597257596   0.017799003453   1.804521956143   0.017963639469  -0.972113997285   0.020196914287  -0.017963639469  -0.972113997285  -0.020196914287   0.000000000000
  4.000000000000   0.600000000000  20.000000000000  10.000000000000   1.935006132194   0.028331573286   0.171825053445   0.200156626730   0.155179780773   0.183511354058   0.041741718166   9.667459747913   0.827013196165  -0.471447382104   0.027677816961   1.887597701377   0.018959788473  -1.008426330862   0.022849331221  -0.018959788473  -1.008426330862  -0.022849331221   0.000000000000
  4.000000000000   0.600000000000  21.000000000000  10.000000000000   2.026111237627   0.030137198264   0.186966946903   0.217104145167   0.171503907708   0.201641105972   0.054137900193   9.332439212833   0.835942058622  -0.520377240264   0.038861603387   1.970504801547   0.019947413043  -1.078189666607   0.029563237064  -0.019947413043  -1.078189666607  -0.029563237064   0.000000000000
  4.000000000000   0.600000000000  22.000000000000  10.000000000000   2.116674728697   0.034411934114   0.088637303508   0.123049237622   0.234003436692   0.268415370806   0.211628743691  17.201851629527   1.609707781164  -0.665421430383   0.202529745794   2.014059524740   0.030791948849  -1.210292161890   0.075733656874  -0.030791948849  -1.210292161890  -0.075733656874   0.000000000000
  4.000000000000   0.600000000000  23.000000000000  10.000000000000   2.200231488407   0.033398309267   0.228382642582   0.261780951849   0.198244877834   0.231643187101   0.023430042042   8.404857087053   0.817553967087  -0.617810817569   0.005112051542   2.127999176885   0.020276451954  -1.140755499477   0.014146761216  -0.020276451954  -1.140755499477  -0.014146761216   0.000000000000
  4.000000000000   0.600000000000  24.000000000000  10.000000000000   2.287638600224   0.035304363348   0.245159269525   0.280463632873   0.216135161810   0.251439525158   0.044540884159   8.156631848446   0.824927910945  -0.672035897501   0.024868230761   2.204922544792   0.022007475210  -1.197201096932   0.021523261317  -0.022007475210  -1.197201096932  -0.021523261317   0.000000000000
  4.000000000000   0.600000000000  25.000000000000  10.000000000000   2.374601011166   0.037163963052   0.265568791504   0.302732754557   0.234244192028   0.271408155081   0.044630432037   7.843885325998   0.823454496716  -0.727027474849   0.023404145103   2.281063842856   0.022550548525  -1.250299373053   0.019570127289  -0.022550548525  -1.250299373053  -0.019570127289   0.000000000000
  4.000000000000   0.600000000000  26.000000000000  10.000000000000   2.460549431714   0.039085610478   0.285953768206   0.325039378684   0.251187496257   0.290273106734   0.049683060130   7.570004107440   0.823466489842  -0.784087100440   0.026888433808   2.355187241201   0.023230251333  -1.283234741209   0.020213383914  -0.023230251333  -1.283234741209  -0.020213383914   0.000000000000
  4.000000000000   0.600000000000  27.000000000000  10.000000000000   2.542539873795   0.040900123287   0.307277680034   0.348177803321   0.267209811824   0.308109935111   0.043640333797   7.302418044869   0.820828042942  -0.842103556765   0.019246372341   2.424486017310   0.023538902886  -1.299503070326   0.019828318179  -0.023538902886  -1.299503070326  -0.019828318179   0.000000000000
  4.000000000000   0.600000000000  28.000000000000  10.000000000000   2.624985839240   0.042813994556   0.329061818100   0.371875812656   0.285324580693   0.328138575250   0.046444423391   7.058770024566   0.819169396216  -0.901948614139   0.020390541748   2.493405759995   0.024479052923  -1.358381504859   0.015462434123  -0.024479052923  -1.358381504859  -0.015462434123   0.000000000000
  4.000000000000   0.600000000000  29.000000000000  10.000000000000   2.705159496205   0.044696175796   0.350607009743   0.395303185540   0.303640195663   0.348336371460   0.046083394542   6.843252458266   0.818414206538  -0.963778031131   0.018396181426   2.558724227984   0.024987030046  -1.394637375023   0.015970482821  -0.024987030046  -1.394637375023  -0.015970482821   0.000000000000
  4.000000000000   0.600000000000  30.000000000000  10.000000000000   2.784589842537   0.046584027845   0.372810166519   0.419394194364   0.322609792553   0.369193820398   0.044929001837   6.639552668967   0.817368273129  -1.027259445912   0.015564096939   2.622278872718   0.025337331367  -1.437536592774   0.016066039355  -0.025337331367  -1.437536592774  -0.016066039355   0.000000000000
  5.000000000000   0.600000000000 -10.000000000000  10.000000000000  -0.993574945866   0.014687947943   0.039121084678   0.053809032621   0.044100512727   0.058788460670   0.015227046249 -18.464835687833   0.811080201401  -0.118435612552   0.010479336536  -0.988019046966  -0.004948665827   0.455256238733   0.020088425009   0.004948665827   0.455256238733  -0.020088425009   0.000000000000
  5.000000000000   0.600000000000  -9.000000000000  10.000000000000  -0.884119636026   0.013625879136   0.034206938417   0.047832817553   0.034619826263   0.048245705399  -0.000237662466 -18.483536644020   0.722460039111  -0.091263102092  -0.004405662830  -0.880685643154  -0.004560565675   0.412894989958   0.017781350616   0.004560565675   0.412894989958  -0.017781350616   0.000000000000
  5.000000000000   0.600000000000  -8.000000000000  10.000000000000  -0.789844851455   0.012863746464   0.024870566561   0.037734313025   0.028803127327   0.041666873791   0.007927864604 -20.931740586840   0.730911603562  -0.072016030448   0.004608934607  -0.787485915980  -0.003345256353   0.364158956591   0.025817049178   0.003345256353   0.364158956591  -0.025817049178   0.000000000000
  5.000000000000   0.600000000000  -7.000000000000  10.000000000000  -0.691590847973   0.012099461904   0.018573619151   0.030673081055   0.022335720540   0.034435182444  -0.001854815179 -22.547159404610   0.689380181379  -0.054115577128  -0.004521092209  -0.690140017154  -0.002713818532   0.318349634116   0.018442104442   0.002713818532   0.318349634116  -0.018442104442   0.000000000000
  5.000000000000   0.600000000000  -6.000000000000  10.000000000000  -0.589371968494   0.011606548302   0.009064457061   0.020671005363   0.018125500419   0.029732048721   0.023865123477 -28.512012751434   0.742908066685  -0.039058019038   0.021972712651  -0.588513230841  -0.001397601509   0.249582815476   0.024114758896   0.001397601509   0.249582815476  -0.024114758896   0.000000000000
  5.000000000000   0.600000000000  -5.000000000000  10.000000000000  -0.487662620473   0.011022126533   0.003937242603   0.014959369136   0.013525917578   0.024548044111   0.018841675312 -32.599143455009   0.702818813344  -0.026020950686   0.017466182120  -0.487248874260  -0.000497011377   0.176903752634   0.028871856802   0.000497011377   0.176903752634  -0.028871856802   0.000000000000
  5.000000000000   0.600000000000  -4.000000000000  10.000000000000  -0.384424125712   0.010589057486  -0.000475874033   0.010113183453   0.009674002727   0.020263060213   0.020762410382 -38.012177620263   0.646027650422  -0.014960757865   0.019801981127  -0.384316692145   0.000283168808   0.138179871220   0.024008604265  -0.000283168808   0.138179871220  -0.024008604265   0.000000000000
  5.000000000000   0.600000000000  -3.000000000000  10.000000000000  -0.286444039463   0.010226987014  -0.002837512079   0.007389474935   0.006961925823   0.017188912837   0.016216613258 -38.763787950270   0.490889474250  -0.006228621448   0.015510868972  -0.286510711576   0.000591369404   0.102508244151   0.028254590024  -0.000591369404   0.102508244151  -0.028254590024   0.000000000000
  5.000000000000   0.600000000000  -2.000000000000  10.000000000000  -0.201826747388   0.009925346061  -0.000438125007   0.009487221054   0.004545407961   0.014470754021   0.002649575214 -21.273536923799   0.189817453962   0.002632495064   0.001812626982  -0.202041698484   0.002840109837   0.086422825039   0.014037294885  -0.002840109837   0.086422825039  -0.014037294885   0.000000000000
  5.000000000000   0.600000000000  -1.000000000000  10.000000000000  -0.095324198012   0.009839585993  -0.003903913899   0.005935672094   0.003626551198   0.013466137190   0.014724805430 -16.059545828293   0.067679032306   0.005531703724   0.014151445190  -0.095435274809   0.003254679532   0.008502786866   0.018826536611  -0.003254679532   0.008502786866  -0.018826536611   0.000000000000
  5.000000000000   0.600000000000   0.000000000000  10.000000000000   0.001931858465   0.009813150811  -0.005383672728   0.004429478083   0.002665474352   0.012478625163   0.016893869555   0.436136815440   0.000037249099   0.005885020330   0.016443528829   0.001931858465   0.004706193258  -0.027331506828   0.018714960219  -0.004706193258  -0.027331506828  -0.018714960219   0.000000000000
  5.000000000000   0.600000000000   1.000000000000  10.000000000000   0.100872477211   0.009780534106  -0.000788527606   0.008992006500   0.003007912264   0.012788446371  -0.003371000504  11.218016491911   0.050027232872   0.006902200110  -0.004141877834   0.101008321269   0.005821595678  -0.052766111492   0.016397678821  -0.005821595678  -0.052766111492  -0.016397678821   0.000000000000
  5.000000000000   0.600000000000   2.000000000000  10.000000000000   0.197546577045   0.010051899206  -0.004990058852   0.005061840355   0.006222274019   0.016274173225   0.020875432651  39.026631265697   0.340838225233  -0.000036463893   0.020354826871   0.197665717087   0.006680804890  -0.127258995017   0.023445128702  -0.006680804890  -0.127258995017  -0.023445128702   0.000000000000
  5.000000000000   0.600000000000   3.000000000000  10.000000000000   0.297247940017   0.010268385851  -0.001283251670   0.008985134180   0.007859389056   0.018127774906   0.016208672437  33.082192658483   0.434741261533  -0.005207336248   0.015363887502   0.297382962109   0.007657808546  -0.184803583841   0.021414023658  -0.007657808546  -0.184803583841  -0.021414023658   0.000000000000
  5.000000000000   0.600000000000   4.000000000000  10.000000000000   0.395598211707   0.010692345771   0.000156416908   0.010848762679   0.012103298939   0.022795644710   0.024521998498  36.464823077312   0.637743662713  -0.014682356083   0.023483152921   0.395537531868   0.009257509314  -0.231326660602   0.023801012451  -0.009257509314  -0.231326660602  -0.023801012451   0.000000000000
  5.000000000000   0.600000000000   5.000000000000  10.000000000000   0.493614068539   0.011212690137   0.002129315978   0.013342006114   0.014040332286   0.025253022422   0.032172786598  36.996990131200   0.807368207936  -0.026987269304   0.030887526979   0.493138513967   0.011435624891  -0.312558839218   0.027661281204  -0.011435624891  -0.312558839218  -0.027661281204   0.000000000000
  5.000000000000   0.600000000000   6.000000000000  10.000000000000   0.589248505497   0.011770531137   0.007085966483   0.018856497620   0.025111884517   0.036882415654   0.034754150114  31.249096061150   0.814054853583  -0.039898972139   0.032978448025   0.588300700043   0.012307546137  -0.360203881490   0.042451747376  -0.012307546137  -0.360203881490  -0.042451747376   0.000000000000
  5.000000000000   0.600000000000   7.000000000000  10.000000000000   0.692874681681   0.012498392824   0.010125897139   0.022624289963   0.030853693577   0.043352086401   0.041268439645  30.625256430694   0.938106504282  -0.058500009472   0.039139563977   0.690895151629   0.012583842269  -0.387999609532   0.019614009049  -0.012583842269  -0.387999609532  -0.019614009049   0.000000000000
  5.000000000000   0.600000000000   8.000000000000  10.000000000000   0.789675026815   0.013242340141   0.016800250175   0.030042590316   0.037037325911   0.050279666052   0.044486213373  26.285184416639   0.917650178505  -0.076425016858   0.041698545628   0.786694779746   0.013293869007  -0.463925662630   0.034295388648  -0.013293869007  -0.463925662630  -0.034295388648   0.000000000000
  5.000000000000   0.600000000000   9.000000000000  10.000000000000   0.886650499911   0.013870484102   0.029819742209   0.043690226312   0.040636138921   0.054506623023   0.024907998199  20.294023967415   0.795496646990  -0.093570429129   0.021005361621   0.882882609874   0.013578851538  -0.486834217719   0.027494393097  -0.013578851538  -0.486834217719  -0.027494393097   0.000000000000
  5.000000000000   0.600000000000  10.000000000000  10.000000000000   0.983317127202   0.014873689914   0.036188307261   0.051061997175   0.050055211438   0.064928901352   0.037289364398  19.257318193761   0.837157420855  -0.117455723153   0.032697120819   0.977775765853   0.015344717646  -0.575026928078   0.029803325421  -0.015344717646  -0.575026928078  -0.029803325421   0.000000000000
  5.000000000000   0.600000000000  11.000000000000  10.000000000000   1.084245748924   0.015952125556   0.044491840925   0.060443966481   0.057943735890   0.073895861446   0.042704527363  17.938031073100   0.859845101141  -0.144122620983   0.037273984950   1.076524646243   0.016212592674  -0.618507428809   0.029402704393  -0.016212592674  -0.618507428809  -0.029402704393   0.000000000000
  5.000000000000   0.600000000000  12.000000000000  10.000000000000   1.179966731571   0.017284652851   0.048273319340   0.065557972191   0.073658353998   0.090943006849   0.062297571132  17.998829007870   0.938926799450  -0.176136579976   0.056346756306   1.168888904451   0.018122234664  -0.694496414013   0.037960556564  -0.018122234664  -0.694496414013  -0.037960556564   0.000000000000
  5.000000000000   0.600000000000  13.000000000000  10.000000000000   1.276671239742   0.018245497366   0.065457781065   0.083703278431   0.077255672637   0.095501170003   0.047927409228  15.252344515896   0.860861732155  -0.201870836405   0.040449809564   1.263647382807   0.018305434399  -0.715477764680   0.032537470382  -0.018305434399  -0.715477764680  -0.032537470382   0.000000000000
  5.000000000000   0.600000000000  14.000000000000  10.000000000000   1.372836197034   0.019507048461   0.077174333378   0.096681381839   0.087709100491   0.107216148952   0.050328840567  14.199592216367   0.861811560020  -0.234410425870   0.041710986490   1.356418612200   0.019274305180  -0.763563465292   0.032801944967  -0.019274305180  -0.763563465292  -0.032801944967   0.000000000000
  5.000000000000   0.600000000000  15.000000000000  10.000000000000   1.467996384111   0.020583298222   0.096801439588   0.117384737810   0.092103223048   0.112686521270   0.022128104087  12.505853925338   0.811626201276  -0.265129060263   0.011813145959   1.448740571811   0.018591712991  -0.797423214267   0.022774172983  -0.018591712991  -0.797423214267  -0.022774172983   0.000000000000
  5.000000000000   0.600000000000  16.000000000000  10.000000000000   1.560653193443   0.022040774917   0.107999322240   0.130040097156   0.104951735554   0.126992510471   0.033870775804  12.001322880966   0.828043679752  -0.302809751867   0.022408146021   1.536717337603   0.019737388418  -0.837741130039   0.025047865313  -0.019737388418  -0.837741130039  -0.025047865313   0.000000000000
  5.000000000000   0.600000000000  17.000000000000  10.000000000000   1.653000669045   0.023481429472   0.122315252279   0.145796681752   0.116908262351   0.140389691824   0.034044131056  11.337711182352   0.828545074964  -0.341557630051   0.021207564771   1.624104526095   0.020565473519  -0.887984825692   0.025353796611  -0.020565473519  -0.887984825692  -0.025353796611   0.000000000000
  5.000000000000   0.600000000000  18.000000000000  10.000000000000   1.749729936477   0.025196901431   0.134523400984   0.159720302414   0.133184964498   0.158381865929   0.052291550921  10.954962581632   0.847421819453  -0.385036839854   0.038172024194   1.714668877780   0.022063181842  -0.908410828452   0.028901255216  -0.022063181842  -0.908410828452  -0.028901255216   0.000000000000
  5.000000000000   0.600000000000  19.000000000000  10.000000000000   1.842648654388   0.026872942741   0.148295860507   0.175168803248   0.147267346849   0.174140289591   0.061706155294  10.519274095723   0.856931341464  -0.429827576672   0.046204377590   1.800821821440   0.022576398013  -1.034429834095   0.033458126707  -0.022576398013  -1.034429834095  -0.033458126707   0.000000000000
  5.000000000000   0.600000000000  20.000000000000  10.000000000000   1.934396848740   0.028527013045   0.165251503784   0.193778516829   0.162149987542   0.190677000587   0.064083596016   9.982514472672   0.853695998471  -0.474954939667   0.046950828023   1.885672668920   0.023240302936  -1.064533284856   0.041020507765  -0.023240302936  -1.064533284856  -0.041020507765   0.000000000000
  5.000000000000   0.600000000000  21.000000000000  10.000000000000   2.024560784778   0.030247966370   0.182726664051   0.212974630421   0.176502321053   0.206750287423   0.068312858075   9.506112445307   0.850847033060  -0.521906949855   0.049490944925   1.968256841244   0.024450966670  -1.101838318408   0.039091281782  -0.024450966670  -1.101838318408  -0.039091281782   0.000000000000
  5.000000000000   0.600000000000  22.000000000000  10.000000000000   2.113851941342   0.032067195752   0.197958953067   0.230026148819   0.192000866550   0.224068062302   0.076679903562   9.189615842341   0.858795268650  -0.573201468202   0.056340013527   2.048274333773   0.025252444346  -1.192076574323   0.039242995849  -0.025252444346  -1.192076574323  -0.039242995849   0.000000000000
  5.000000000000   0.600000000000  23.000000000000  10.000000000000   2.200168982733   0.033960617981   0.212329026970   0.246289644951   0.207553622960   0.241514240941   0.092210615993   8.933258169149   0.868927704423  -0.626428591753   0.070394169823   2.124273245084   0.026865796598  -1.228065081340   0.046878359373  -0.026865796598  -1.228065081340  -0.046878359373   0.000000000000
  5.000000000000   0.600000000000  24.000000000000  10.000000000000   2.283589343050   0.035779550321   0.229622759772   0.265402310094   0.221812072053   0.257591622374   0.099369807302   8.604255713690   0.868658428092  -0.679373114207   0.075860339721   2.197223341640   0.028029623950  -1.217114820806   0.048031936275  -0.028029623950  -1.217114820806  -0.048031936275   0.000000000000
  5.000000000000   0.600000000000  25.000000000000  10.000000000000   2.368330104781   0.037293296255   0.258278074144   0.295571370399   0.251110358569   0.288403654824   0.074251121859   8.012718219576   0.838957241554  -0.728175185778   0.048207831602   2.273609476822   0.028362405689  -1.237853532727   0.032902052962  -0.028362405689  -1.237853532727  -0.032902052962   0.000000000000
  5.000000000000   0.600000000000  26.000000000000  10.000000000000   2.452284003275   0.039019951157   0.281120354245   0.320140305402   0.255163066451   0.294183017608   0.062771862958   7.660028936986   0.830460339623  -0.783448050807   0.034630930968   2.346302794813   0.029205039200  -1.274032847606   0.026494693504  -0.029205039200  -1.274032847606  -0.026494693504   0.000000000000
  5.000000000000   0.600000000000  27.000000000000  10.000000000000   2.535182490707   0.040858244226   0.302714462228   0.343572706455   0.270389133072   0.311247377299   0.059203154103   7.378882091272   0.827022868536  -0.841390642947   0.029033533809   2.416591880964   0.029737181963  -1.306629979174   0.021693898992  -0.029737181963  -1.306629979174  -0.021693898992   0.000000000000
  5.000000000000   0.600000000000  28.000000000000  10.000000000000   2.616330113222   0.042669006870   0.325165352548   0.367834359418   0.286005763387   0.328674770257   0.051161654478   7.112794240758   0.822717066929  -0.900812913334   0.018908092134   2.484206406770   0.030015100321  -1.351660279257   0.018945155595  -0.030015100321  -1.351660279257  -0.018945155595   0.000000000000
  5.000000000000   0.600000000000  29.000000000000  10.000000000000   2.698207844284   0.044616062132   0.346971374546   0.391587436678   0.304998749132   0.349614811264   0.056910269439   6.890435166088   0.821939349702  -0.962592145908   0.022564614788   2.551433375396   0.030738778162  -1.397572624034   0.020842510275  -0.030738778162  -1.397572624034  -0.020842510275   0.000000000000
  5.000000000000   0.600000000000  30.000000000000  10.000000000000   2.776080785572   0.046428091837   0.369883662443   0.416311754280   0.322421875508   0.368849967345   0.050945531356   6.668273852549   0.818395529816  -1.025030465918   0.014467708069   2.613740362259   0.031545068324  -1.411863282932   0.016679157632  -0.031545068324  -1.411863282932  -0.016679157632   0.000000000000
  6.000000000000   0.600000000000 -10.000000000000  10.000000000000  -0.981707678965   0.014655669192   0.037512001588   0.052167670780   0.043821784066   0.058477453258   0.016338523320 -18.818315333714   0.816734029377  -0.117696166336   0.010796012720  -0.976099092662  -0.005841654469   0.445307329617   0.027739755733   0.005841654469   0.445307329617  -0.027739755733   0.000000000000
  6.000000000000   0.600000000000  -9.000000000000  10.000000000000  -0.884817909697   0.013695201344   0.031961955056   0.045657156400   0.036286548198   0.049981749542   0.006398568585 -19.379610546458   0.758082848798  -0.092907412570   0.001591044161  -0.881132187699  -0.005059920017   0.410182335830   0.025525696883   0.005059920017   0.410182335830  -0.025525696883   0.000000000000
  6.000000000000   0.600000000000  -8.000000000000  10.000000000000  -0.783444919644   0.012813033651   0.026662990148   0.039476023798   0.028591056234   0.041404089884  -0.007525582224 -19.846095028452   0.687386908224  -0.070935744314  -0.011610724401  -0.781174912690  -0.004185165656   0.365370989036   0.018995846140   0.004185165656   0.365370989036  -0.018995846140   0.000000000000
  6.000000000000   0.600000000000  -7.000000000000  10.000000000000  -0.685206416679   0.012094067989   0.018069979408   0.030164047397   0.022829174809   0.034923242798  -0.003749849174 -22.715997215457   0.688130724685  -0.054119501373  -0.006882308628  -0.683707158059  -0.003217555850   0.296119491915   0.019041019464   0.003217555850   0.296119491915  -0.019041019464   0.000000000000
  6.000000000000   0.600000000000  -6.000000000000  10.000000000000  -0.592274063666   0.012020020782   0.016410113865   0.028430134647   0.019849137251   0.031869158032  -0.097520544657 -20.832615498457   0.545486785666  -0.043927827053  -0.099958075195  -0.590919474117  -0.002853257660   0.278646534234  -0.017782300096   0.002853257660   0.278646534234   0.017782300096   0.000000000000
  6.000000000000   0.600000000000  -5.000000000000  10.000000000000  -0.492022979490   0.011074602007   0.003288848584   0.014363450592   0.014950295658   0.026024897665   0.014800290044 -34.255207434019   0.745125986050  -0.027111055392   0.013217823089  -0.491530517336  -0.000858058806   0.220217535374   0.024961894471   0.000858058806   0.220217535374  -0.024961894471   0.000000000000
  6.000000000000   0.600000000000  -4.000000000000  10.000000000000  -0.390662658909   0.010607704177   0.000106449259   0.010714153435   0.010821925540   0.021429629717   0.014355231842 -36.462298329147   0.629743455583  -0.015124870385   0.013156658386  -0.390558983339   0.000709072213   0.162593982281   0.020650405206  -0.000709072213   0.162593982281  -0.020650405206   0.000000000000
  6.000000000000   0.600000000000  -3.000000000000  10.000000000000  -0.300362116262   0.010175209589   0.005310116650   0.015485326239   0.006174852038   0.016350061627  -0.014493996715 -19.396563664231   0.257565489726  -0.001853307316  -0.016033254439  -0.300677189290   0.001815984436   0.162042992206   0.011292709071  -0.001815984436   0.162042992206  -0.011292709071   0.000000000000
  6.000000000000   0.600000000000  -2.000000000000  10.000000000000  -0.190753254501   0.010059783910  -0.005663528968   0.004396254942   0.006577141405   0.016636925314   0.019544922596 -43.389943718429   0.365913779494  -0.000245928005   0.018978319692  -0.190860939064   0.003385331225   0.057542703057   0.024921221334  -0.003385331225   0.057542703057  -0.024921221334   0.000000000000
  6.000000000000   0.600000000000  -1.000000000000  10.000000000000  -0.092622595521   0.009941487403  -0.007514178453   0.002427308950   0.005884084025   0.015825571428   0.022281759136 -38.158552296184   0.156252349967   0.003125880361   0.021905974454  -0.092691266984   0.004190473984   0.007916853227   0.022190044211  -0.004190473984   0.007916853227  -0.022190044211   0.000000000000
  6.000000000000   0.600000000000   0.000000000000  10.000000000000   0.000877827038   0.009919818120  -0.009566380050   0.000353438070   0.004282462631   0.014202280752   0.026246754150   2.483679917854   0.000096387852   0.003095034777   0.026066027346   0.000877827038   0.005331338700  -0.037639510136   0.027932756991  -0.005331338700  -0.037639510136  -0.027932756991   0.000000000000
  6.000000000000   0.600000000000   1.000000000000  10.000000000000   0.101396645389   0.009877993033  -0.003906674561   0.005971318472   0.005789502070   0.015667495103   0.010416215879  16.980612549596   0.076119278113   0.005256712230   0.009734982015   0.101503847195   0.007543448037  -0.102984868816   0.024289461236  -0.007543448037  -0.102984868816  -0.024289461236   0.000000000000
  6.000000000000   0.600000000000   2.000000000000  10.000000000000   0.203016397079   0.010189303278  -0.007763365123   0.002425938155   0.008969508285   0.019158811563   0.025980103423  83.685726553385   0.751104265495  -0.001959985209   0.025584202111   0.203071700375   0.008857857349  -0.175000520065   0.033875855816  -0.008857857349  -0.175000520065  -0.033875855816   0.000000000000
  6.000000000000   0.600000000000   3.000000000000  10.000000000000   0.299112730265   0.010423058200  -0.005385015303   0.005038042897   0.011120604074   0.021543662274   0.024989190575  59.370818465542   0.785101223684  -0.008042271509   0.024325678292   0.299101738833   0.009577332187  -0.213180890251   0.027319039812  -0.009577332187  -0.213180890251  -0.027319039812   0.000000000000
  6.000000000000   0.600000000000   4.000000000000  10.000000000000   0.395546661497   0.010770607208  -0.002879761717   0.007890845491   0.013970983912   0.024741591120   0.024908573866  50.127285084106   0.876576105758  -0.017166125522   0.023947304139   0.395312173700   0.010525378154  -0.270158820633   0.030844715612  -0.010525378154  -0.270158820633  -0.030844715612   0.000000000000
  6.000000000000   0.600000000000   5.000000000000  10.000000000000   0.493575641156   0.011247951828   0.001480940886   0.012728892714   0.019038738989   0.030286690817   0.027544347486  38.776007642816   0.846125009310  -0.027538748825   0.026062925074   0.493051691591   0.012135497817  -0.288941435881   0.024285672439  -0.012135497817  -0.288941435881  -0.024285672439   0.000000000000
  6.000000000000   0.600000000000   6.000000000000  10.000000000000   0.591887137636   0.011747678722   0.007949504416   0.019697183138   0.023026052226   0.034773730948   0.025445608105  30.049329058423   0.786305662343  -0.039741865440   0.023247298117   0.590970379085   0.013716463526  -0.353141493781   0.024509226318  -0.013716463526  -0.353141493781  -0.024509226318   0.000000000000
  6.000000000000   0.600000000000   7.000000000000  10.000000000000   0.691588663175   0.012411491512   0.012566649449   0.024978140961   0.027626493980   0.040037985493   0.030501599555  27.687755635895   0.846551415233  -0.056462791206   0.027723581911   0.689849614299   0.013756227495  -0.370793922761   0.030289405130  -0.013756227495  -0.370793922761  -0.030289405130   0.000000000000
  6.000000000000   0.600000000000   8.000000000000  10.000000000000   0.794141833629   0.013167854214   0.019903706683   0.033071560898   0.034525105197   0.047692959411   0.032416850073  24.012831933949   0.843061344493  -0.074597370157   0.028782347738   0.791462343421   0.014966609597  -0.463637547543   0.033341635886  -0.014966609597  -0.463637547543  -0.033341635886   0.000000000000
  6.000000000000   0.600000000000   9.000000000000  10.000000000000   0.897700152251   0.014286879545   0.021657689075   0.035944568620   0.042935385842   0.057222265387   0.054039020933  24.974570198668   0.991167476630  -0.099544623612   0.049985759002   0.893123778070   0.017264276994  -0.573100991877   0.047101528981  -0.017264276994  -0.573100991877  -0.047101528981   0.000000000000
  6.000000000000   0.600000000000  10.000000000000  10.000000000000   0.990304631686   0.014929606764   0.035838020420   0.050767627184   0.031812667319   0.046742274084   0.037034015294  19.506616452627   0.854020855136  -0.118429829159   0.031524477030   0.984699302686   0.017493136978  -0.554427893767   0.032624899455  -0.017493136978  -0.554427893767  -0.032624899455   0.000000000000
  6.000000000000   0.600000000000  11.000000000000  10.000000000000   1.087469066660   0.016007569486   0.043902899052   0.059910468538   0.058873843876   0.074881413362   0.042644939520  18.151570054523   0.872667554893  -0.144635590413   0.036148976870   1.079708582677   0.018114145764  -0.619677556814   0.039360735437  -0.018114145764  -0.619677556814  -0.039360735437   0.000000000000
  6.000000000000   0.600000000000  12.000000000000  10.000000000000   1.179734565357   0.016973237803   0.058160391975   0.075133629778   0.068354738928   0.085327976732   0.031409924236  15.701817799025   0.818939763858  -0.168979939522   0.023384254524   1.170172742394   0.019963526416  -0.617027842656   0.026843696229  -0.019963526416  -0.617027842656  -0.026843696229   0.000000000000
  6.000000000000   0.600000000000  13.000000000000  10.000000000000   1.275560785894   0.018217789072   0.065283993579   0.083501782651   0.078520847459   0.096738636531   0.041288260223  15.275850950688   0.861438530204  -0.201817629099   0.032333765793   1.262520003336   0.021375455759  -0.708675676975   0.033331787399  -0.021375455759  -0.708675676975  -0.033331787399   0.000000000000
  6.000000000000   0.600000000000  14.000000000000  10.000000000000   1.366283169860   0.019312503231   0.080312691876   0.099625195108   0.086255722718   0.105568225950   0.032216178557  13.714233316022   0.828380703125  -0.231129980988   0.021626026413   1.350482879852   0.022253525275  -0.733041184148   0.025353671998  -0.022253525275  -0.733041184148  -0.025353671998   0.000000000000
  6.000000000000   0.600000000000  15.000000000000  10.000000000000   1.459978025614   0.020798624230   0.087238787461   0.108037411691   0.101158993967   0.121957618197   0.051087140453  13.513633867749   0.872240380616  -0.268927563938   0.039514295133   1.439421550261   0.023535375298  -0.863823097817   0.035183007977  -0.023535375298  -0.863823097817  -0.035183007977   0.000000000000
  6.000000000000   0.600000000000  16.000000000000  10.000000000000   1.555413841836   0.022180784377   0.101835789521   0.124016573899   0.112758298462   0.134939082840   0.052352050180  12.541983647310   0.862442025550  -0.304910541784   0.039101998282   1.530664451267   0.024075335586  -0.902911449001   0.042422567662  -0.024075335586  -0.902911449001  -0.042422567662   0.000000000000
  6.000000000000   0.600000000000  17.000000000000  10.000000000000   1.649529843483   0.023535376759   0.118865402612   0.142400779371   0.120911733262   0.144447110021   0.041772265736  11.583713591777   0.844745154862  -0.342667709834   0.026658498258   1.620135726968   0.024812618649  -0.924435159213   0.029843844182  -0.024812618649  -0.924435159213  -0.029843844182   0.000000000000
  6.000000000000   0.600000000000  18.000000000000  10.000000000000   1.743080569319   0.025192504581   0.130495088221   0.155687592802   0.135550000631   0.160742505212   0.055816771032  11.196014646672   0.862777162397  -0.385836065777   0.039237216094   1.707417635155   0.026097455012  -0.983184027985   0.034461981156  -0.026097455012  -0.983184027985  -0.034461981156   0.000000000000
  6.000000000000   0.600000000000  19.000000000000  10.000000000000   1.835440673789   0.026786518944   0.146333104319   0.173119623262   0.148730292846   0.175516811789   0.058768266082  10.602152657220   0.860304364121  -0.428961632668   0.040350399190   1.793496680521   0.026879557025  -1.018326359423   0.038417772262  -0.026879557025  -1.018326359423  -0.038417772262   0.000000000000
  6.000000000000   0.600000000000  20.000000000000  10.000000000000   1.926394477082   0.028419985186   0.163418569431   0.191838554617   0.164571705940   0.192991691126   0.060039159369  10.041748286329   0.855209027383  -0.473686650993   0.039657669263   1.877618342200   0.027834891292  -1.061483290904   0.032985162798  -0.027834891292  -1.061483290904  -0.032985162798   0.000000000000
  6.000000000000   0.600000000000  21.000000000000  10.000000000000   2.015844863356   0.030210398906   0.176991699246   0.207202098151   0.178425573736   0.208635972642   0.073066319613   9.728882484011   0.867037307729  -0.522903820768   0.051007537764   1.958538162757   0.029553961314  -1.152434587487   0.038329430419  -0.029553961314  -1.152434587487  -0.038329430419   0.000000000000
  6.000000000000   0.600000000000  22.000000000000  10.000000000000   2.104636715938   0.031975999633   0.193677809807   0.225653809440   0.194521891631   0.226497891264   0.079007242498   9.326838847350   0.867819364344  -0.572677211727   0.054987186625   2.038547206378   0.030837073604  -1.179911231999   0.037052151331  -0.030837073604  -1.179911231999  -0.037052151331   0.000000000000
  6.000000000000   0.600000000000  23.000000000000  10.000000000000   2.193724431334   0.033874031307   0.208542258718   0.242416290025   0.209428526328   0.243302557635   0.090657320689   9.049410132906   0.877647388194  -0.626510511909   0.064821288134   2.117237366752   0.032043056441  -1.270928286244   0.042124649183  -0.032043056441  -1.270928286244  -0.042124649183   0.000000000000
  6.000000000000   0.600000000000  24.000000000000  10.000000000000   2.280548094311   0.035705708931   0.226724619810   0.262430328742   0.230944979102   0.266650688033   0.095033659961   8.690108743323   0.876157469328  -0.680078866427   0.067081616650   2.193580059305   0.032374342059  -1.234171751782   0.047487677243  -0.032374342059  -1.234171751782  -0.047487677243   0.000000000000
  6.000000000000   0.600000000000  25.000000000000  10.000000000000   2.365530773713   0.037549107823   0.246454835491   0.284003943314   0.251241933450   0.288791041273   0.099745501830   8.329218059838   0.871064983468  -0.734282168820   0.069512589778   2.267673023774   0.033755056654  -1.256247624768   0.042068803859  -0.033755056654  -1.256247624768  -0.042068803859   0.000000000000
  6.000000000000   0.600000000000  26.000000000000  10.000000000000   2.445407481406   0.039158686285   0.270650175662   0.309808861947   0.249754562738   0.288913249023   0.088948674121   7.893278023216   0.853348359455  -0.786710434667   0.056077559732   2.337060792312   0.034945683733  -1.311908004655   0.036053958598  -0.034945683733  -1.311908004655  -0.036053958598   0.000000000000
  6.000000000000   0.600000000000  27.000000000000  10.000000000000   2.526860469919   0.040924875061   0.294005208505   0.334930083566   0.270270003943   0.311194879004   0.086407429727   7.544441642913   0.842803025906  -0.842332957813   0.050924353849   2.406771725278   0.035396440900  -1.382798695715   0.034853118878  -0.035396440900  -1.382798695715  -0.034853118878   0.000000000000
  6.000000000000   0.600000000000  28.000000000000  10.000000000000   2.607747361833   0.042576914203   0.320594248435   0.363171162638   0.286536696030   0.329113610234   0.064584405387   7.180491267223   0.827822820350  -0.899398042003   0.026268881723   2.475238140025   0.036024134351  -1.370087493533   0.023541238984  -0.036024134351  -1.370087493533  -0.023541238984   0.000000000000
  6.000000000000   0.600000000000  29.000000000000  10.000000000000   2.690137912138   0.044492232467   0.342678776927   0.387171009394   0.306237480020   0.350729712487   0.069084803431   6.948190455547   0.826349903224  -0.961116464969   0.028235959016   2.543024568951   0.037202079919  -1.408720668663   0.023832755629  -0.037202079919  -1.408720668663  -0.023832755629   0.000000000000
  6.000000000000   0.600000000000  30.000000000000  10.000000000000   2.767756496641   0.046373184874   0.364449094356   0.410822279230   0.325314030577   0.371687215450   0.070753348996   6.737113921446   0.824364898464  -1.023639834277   0.027423133223   2.604931182901   0.038083770001  -1.451134173831   0.024755285003  -0.038083770001  -1.451134173831  -0.024755285003   0.000000000000
  7.000000000000   0.600000000000 -10.000000000000  10.000000000000  -0.976269349122   0.014805012244   0.029168706343   0.043973718587   0.045286483634   0.060091495878   0.026808303066 -22.201200637340   0.958216924552  -0.123327052663   0.021249429829  -0.969583990632  -0.006633177826   0.371198843219   0.029500448038   0.006633177826   0.371198843219  -0.029500448038   0.000000000000
  7.000000000000   0.600000000000  -9.000000000000  10.000000000000  -0.882312741345   0.013688945847   0.030895171040   0.044584116887   0.037540078082   0.051229023930   0.002683219858 -19.789844521953   0.771938415785  -0.093994164759  -0.002770217507  -0.878423667471  -0.005776432104   0.409408290930   0.022099740542   0.005776432104   0.409408290930  -0.022099740542   0.000000000000
  7.000000000000   0.600000000000  -8.000000000000  10.000000000000  -0.781000702258   0.012916207531   0.018994691565   0.031910899096   0.031726448509   0.044642656040   0.007540153185 -24.474418596427   0.845048293949  -0.076419518627   0.003594989706  -0.777935980361  -0.004222899209   0.365137059424   0.025970968754   0.004222899209   0.365137059424  -0.025970968754   0.000000000000
  7.000000000000   0.600000000000  -7.000000000000  10.000000000000  -0.686226293562   0.012353701019   0.009265593405   0.021619294424   0.025981628939   0.038335329958   0.031480748232 -31.741382493631   0.962965912980  -0.058523804976   0.028611366292  -0.684193913555  -0.004352537456   0.292702281608   0.037247154432   0.004352537456   0.292702281608  -0.037247154432   0.000000000000
  7.000000000000   0.600000000000  -6.000000000000  10.000000000000  -0.583849713058   0.011652242125   0.004185748273   0.015837990399   0.020647540487   0.032299782613   0.018648840753 -36.863875931633   0.951524090373  -0.043134820553   0.016579669632  -0.582532068173  -0.002313826118   0.231624461071   0.030675664977   0.002313826118   0.231624461071  -0.030675664977   0.000000000000
  7.000000000000   0.600000000000  -5.000000000000  10.000000000000  -0.485398301970   0.011129586645  -0.001168152602   0.009961434042   0.016135123363   0.027264710008   0.018306599079 -48.727753444352   1.045664497344  -0.030233166699   0.016956151040  -0.484607385279  -0.000569552914   0.190989988423   0.025456329413   0.000569552914   0.190989988423  -0.025456329413   0.000000000000
  7.000000000000   0.600000000000  -4.000000000000  10.000000000000  -0.387721755135   0.010755722126  -0.005218678806   0.005537043320   0.013141373240   0.023897095366   0.025513758274 -70.023247559604   1.200273285188  -0.018461948055   0.024648786755  -0.387377546975   0.000628506294   0.117453017032   0.027395484183  -0.000628506294   0.117453017032  -0.027395484183   0.000000000000
  7.000000000000   0.600000000000  -3.000000000000  10.000000000000  -0.290283821139   0.010333603822  -0.005955134819   0.004378469003   0.009705567269   0.020039171090   0.017288992235 -66.298018999238   0.850826688482  -0.008748294051   0.016626521566  -0.290223712315   0.002009240024   0.074448466923   0.023455824869  -0.002009240024   0.074448466923  -0.023455824869   0.000000000000
  7.000000000000   0.600000000000  -2.000000000000  10.000000000000  -0.191716942825   0.010204011868  -0.012090049030  -0.001886037162   0.008916696760   0.019120708629   0.027679214091 101.650670900801  -0.861565828424  -0.005190470626   0.027702747537  -0.191652547566   0.003501867987  -0.010137988164   0.033577124368  -0.003501867987  -0.010137988164  -0.033577124368   0.000000000000
  7.000000000000   0.600000000000  -1.000000000000  10.000000000000  -0.096996705465   0.009998822945  -0.011217134772  -0.001218311827   0.006824325484   0.016823148429   0.023052147369  79.615664322079  -0.341407634103  -0.000092950284   0.023028795020  -0.097009858330   0.004478255662  -0.000135857485   0.020361091579  -0.004478255662  -0.000135857485  -0.020361091579   0.000000000000
  7.000000000000   0.600000000000   0.000000000000  10.000000000000   0.002552808046   0.009900383506  -0.008564134881   0.001336248624   0.006979210443   0.016879593949   0.016206175244   1.910428941859   0.000215608943   0.003301324366   0.015922529129   0.002552808046   0.006185773252  -0.035725980764   0.026446794155  -0.006185773252  -0.035725980764  -0.026446794155   0.000000000000
  7.000000000000   0.600000000000   1.000000000000  10.000000000000   0.100751505676   0.010049250421  -0.010348620258  -0.000299369837   0.007651212653   0.017700463073   0.025186719029 -336.545280049433  -1.499038442800   0.001013572062   0.025035465050   0.100784544922   0.009374235840  -0.128326225372   0.025608339087  -0.009374235840  -0.128326225372  -0.025608339087   0.000000000000
  7.000000000000   0.600000000000   2.000000000000  10.000000000000   0.204975548111   0.010170065950  -0.006696710798   0.003473355153   0.008522613884   0.018692679834   0.020109492112  59.013702626981   0.534776902657  -0.001258940597   0.019536303495   0.205056526614   0.009492117781  -0.170193086755   0.026003331299  -0.009492117781  -0.170193086755  -0.026003331299   0.000000000000
  7.000000000000   0.600000000000   3.000000000000  10.000000000000   0.300595680464   0.010387874857  -0.002213377254   0.008174497603   0.010230741925   0.020618616782   0.015309197872  36.772373675104   0.488677250223  -0.005766350617   0.014198864777   0.300706000113   0.011382484263  -0.176096988287   0.027819696938  -0.011382484263  -0.176096988287  -0.027819696938   0.000000000000
  7.000000000000   0.600000000000   4.000000000000  10.000000000000   0.399199702284   0.010847200776  -0.003923794911   0.006923405865   0.016377920749   0.027225121524   0.027987589213  57.659439601587   1.017602926002  -0.017589182550   0.026935223040   0.398944551811   0.012924326081  -0.267795017773   0.031122008181  -0.012924326081  -0.267795017773  -0.031122008181   0.000000000000
  7.000000000000   0.600000000000   5.000000000000  10.000000000000   0.493573336489   0.011352510303  -0.002723781246   0.008628729056   0.025073016231   0.036425526533   0.032473472962  57.201162915019   1.248171522900  -0.030543467830   0.031179843074   0.492786499270   0.013757105297  -0.338515882955   0.032957285636  -0.013757105297  -0.338515882955  -0.032957285636   0.000000000000
  7.000000000000   0.600000000000   6.000000000000  10.000000000000   0.593607070478   0.011761021042   0.009467978868   0.021228999910   0.022381892596   0.034142913638   0.018419914658  27.962083611164   0.733814546224  -0.038860975007   0.015695451127   0.592792371113   0.016411325923  -0.384076071131   0.026126739367  -0.016411325923  -0.384076071131  -0.026126739367   0.000000000000
  7.000000000000   0.600000000000   7.000000000000  10.000000000000   0.689359583350   0.012528543566   0.009092360190   0.021620903756   0.033061253747   0.045589797313   0.034920960420  31.883939317222   0.971707405534  -0.058487940188   0.032025739532   0.687355137446   0.015816512304  -0.385069467517   0.026741089347  -0.015816512304  -0.385069467517  -0.026741089347   0.000000000000
  7.000000000000   0.600000000000   8.000000000000  10.000000000000   0.788132151225   0.013389857670   0.012642969226   0.026032826895   0.038940283847   0.052330141517   0.047376889446  30.274551219135   1.054859163218  -0.078381874275   0.043851145776   0.784861723060   0.017674118168  -0.200356225280   0.032391441340  -0.017674118168  -0.200356225280  -0.032391441340   0.000000000000
  7.000000000000   0.600000000000   9.000000000000  10.000000000000   0.890459616564   0.014213289177   0.021570244465   0.035783533642   0.042302299746   0.056515588923   0.045659598684  24.884619430488   0.979631977302  -0.098723038982   0.040958343210   0.885923114417   0.019326013062  -0.543648973752   0.041829291153  -0.019326013062  -0.543648973752  -0.041829291153   0.000000000000
  7.000000000000   0.600000000000  10.000000000000  10.000000000000   0.988228471504   0.015106459756   0.030404193183   0.045510652939   0.046440016951   0.061546476707   0.048046461224  21.714223103617   0.948679200598  -0.121352471043   0.042141976796   0.982075773768   0.020754174262  -0.577214786261   0.040301174469  -0.020754174262  -0.577214786261  -0.040301174469   0.000000000000
  7.000000000000   0.600000000000  11.000000000000  10.000000000000   1.083512752752   0.016259867221   0.035734540423   0.051994407644   0.061928880549   0.078188747770   0.060422611801  20.839024846010   0.998226605755  -0.148856921011   0.053635706495   1.074857676102   0.021143409125  -0.659115631375   0.046847815329  -0.021143409125  -0.659115631375  -0.046847815329   0.000000000000
  7.000000000000   0.600000000000  12.000000000000  10.000000000000   1.179796933004   0.017125480282   0.051942864956   0.069068345238   0.072780418668   0.089905898950   0.044375542644  17.081586781047   0.890949720145  -0.172948273721   0.035627460194   1.169393007898   0.022117608499  -0.696643073607   0.043799668780  -0.022117608499  -0.696643073607  -0.043799668780   0.000000000000
  7.000000000000   0.600000000000  13.000000000000  10.000000000000   1.274064663458   0.018243942205   0.063740101585   0.081984043790   0.077354921559   0.095598863763   0.043190254118  15.540397918422   0.875329019488  -0.202186162545   0.032876978926   1.260899444084   0.023322650430  -0.711060255672   0.041193194907  -0.023322650430  -0.711060255672  -0.041193194907   0.000000000000
  7.000000000000   0.600000000000  14.000000000000  10.000000000000   1.366922605663   0.019617502280   0.071003381218   0.090620883498   0.037798862211   0.057416364490   0.058020955826  15.083969090771   0.911543252827  -0.236553924190   0.046544568849   1.349789550180   0.023671495517  -0.759811353703   0.064352230086  -0.023671495517  -0.759811353703  -0.064352230086   0.000000000000
  7.000000000000   0.600000000000  15.000000000000  10.000000000000   1.459014253783   0.020702571194   0.089126353235   0.109828924429   0.097384112689   0.118086683884   0.039461121507  13.284426314493   0.856880106318  -0.267679599938   0.025782205384   1.438758171186   0.026583341808  -0.820549185629   0.033918438565  -0.026583341808  -0.820549185629  -0.033918438565   0.000000000000
  7.000000000000   0.600000000000  16.000000000000  10.000000000000   1.548688180516   0.022271479389   0.095320170382   0.117591649771   0.101851000460   0.124122479850   0.059955107825  13.170052325363   0.901714815869  -0.307658881317   0.045177394395   1.522879675911   0.028454754549  -0.855059013531   0.042790871409  -0.028454754549  -0.855059013531  -0.042790871409   0.000000000000
  7.000000000000   0.600000000000  17.000000000000  10.000000000000   1.643697693091   0.023524530375   0.116709050899   0.140233581274   0.120424312701   0.143948843076   0.044148393889  11.721141813270   0.851744989256  -0.342319021261   0.026729143982   1.614143700176   0.028881072058  -0.937409222411   0.034988277068  -0.028881072058  -0.937409222411  -0.034988277068   0.000000000000
  7.000000000000   0.600000000000  18.000000000000  10.000000000000   1.736973664163   0.025162120728   0.129045272521   0.154207393248   0.123451959822   0.148614080550   0.055477199468  11.263880593356   0.864965913024  -0.384757551343   0.036270527073   1.701346885658   0.030168021852  -0.961984797585   0.036419504446  -0.030168021852  -0.961984797585  -0.036419504446   0.000000000000
  7.000000000000   0.600000000000  19.000000000000  10.000000000000   1.828161205778   0.026712359952   0.145105633795   0.171817993747   0.145979071818   0.172691431770   0.057511779659  10.640103320442   0.859959612298  -0.427317829003   0.036143749491   1.786363771597   0.031545307459  -1.033982832978   0.035671927104  -0.031545307459  -1.033982832978  -0.035671927104   0.000000000000
  7.000000000000   0.600000000000  20.000000000000  10.000000000000   1.916649066891   0.028305173577   0.162142066246   0.190447239822   0.158615505023   0.186920678600   0.058571815174  10.063937228377   0.852762791481  -0.471197049232   0.034925549675   1.868153634228   0.032711852416  -1.055438062397   0.034039381748  -0.032711852416  -1.055438062397  -0.034039381748   0.000000000000
  7.000000000000   0.600000000000  21.000000000000  10.000000000000   2.005535113538   0.029978325614   0.179232236196   0.209210561810   0.175671211147   0.205649536761   0.062292448805   9.586203947776   0.849952500321  -0.517773155400   0.036331776536   1.949464403765   0.033569850625  -1.114720582995   0.039056599545  -0.033569850625  -1.114720582995  -0.039056599545   0.000000000000
  7.000000000000   0.600000000000  22.000000000000  10.000000000000   2.092624001396   0.031669727974   0.197195162548   0.228864890522   0.189408646243   0.221078374217   0.064458112189   9.143490714639   0.845903752602  -0.566009159536   0.036086037259   2.028285144351   0.035303386245  -1.144159911049   0.031675230025  -0.035303386245  -1.144159911049  -0.031675230025   0.000000000000
  7.000000000000   0.600000000000  23.000000000000  10.000000000000   2.179831366583   0.033440455335   0.215410840960   0.248851296295   0.205501849821   0.238942305156   0.069172568877   8.759574087165   0.844157744134  -0.616606717818   0.038329622953   2.106348402862   0.036382336643  -1.211892229958   0.035548946209  -0.036382336643  -1.211892229958  -0.035548946209   0.000000000000
  7.000000000000   0.600000000000  24.000000000000  10.000000000000   2.262203255779   0.035191142682   0.232723455813   0.267914598494   0.223029644995   0.258220787677   0.074055712966   8.443747628889   0.844470705769  -0.668948280841   0.040853136704   2.178454789512   0.034866571150  -1.227170921746   0.096686242170  -0.034866571150  -1.227170921746  -0.096686242170   0.000000000000
  7.000000000000   0.600000000000  25.000000000000  10.000000000000   2.347943910378   0.037027733000   0.252024404502   0.289052137502   0.240437303600   0.277465036600   0.078232322571   8.122907966247   0.843173544828  -0.723625608343   0.042422596495   2.253237302867   0.040657862155  -1.318760864333  -0.006406163134  -0.040657862155  -1.318760864333   0.006406163134   0.000000000000
  7.000000000000   0.600000000000  26.000000000000  10.000000000000   2.434889921787   0.038955643878   0.270209696618   0.309165340496   0.256456306775   0.295411950653   0.085828442141   7.875688516323   0.847784719920  -0.782179509084   0.047510912898   2.327568815135   0.039773972002  -1.322656582457   0.037138172942  -0.039773972002  -1.322656582457  -0.037138172942   0.000000000000
  7.000000000000   0.600000000000  27.000000000000  10.000000000000   2.517013663293   0.040745229672   0.291308081263   0.332053310934   0.271805512677   0.312550742348   0.085648868386   7.580149272452   0.843492164012  -0.839743631850   0.044543335730   2.397039723320   0.040874128897  -1.408707975805   0.040402706011  -0.040874128897  -1.408707975805  -0.040402706011   0.000000000000
  7.000000000000   0.600000000000  28.000000000000  10.000000000000   2.600257322474   0.042628931942   0.313020356990   0.355649288932   0.289116675961   0.331745607903   0.086846931993   7.311296278089   0.840482030372  -0.899722741957   0.042856842807   2.466582499740   0.041949579916  -1.394776642218   0.035251673111  -0.041949579916  -1.394776642218  -0.035251673111   0.000000000000
  7.000000000000   0.600000000000  29.000000000000  10.000000000000   2.678194923089   0.044411896639   0.335138726990   0.379550623629   0.306900274719   0.351312171358   0.086003037507   7.056225853314   0.835472918071  -0.959759600031   0.039106398617   2.530121626356   0.043244417201  -1.424400054439   0.030442129020  -0.043244417201  -1.424400054439  -0.030442129020   0.000000000000
  7.000000000000   0.600000000000  30.000000000000  10.000000000000   2.756720327857   0.046270534026   0.357140214144   0.403410748170   0.325380039284   0.371650573310   0.087207880301   6.833532176223   0.832828682138  -1.022396224294   0.037394442983   2.592905711423   0.044642412710  -1.445802383081   0.026256218143  -0.044642412710  -1.445802383081  -0.026256218143   0.000000000000
  8.000000000000   0.600000000000 -10.000000000000  10.000000000000  -0.965663130758   0.014785174389   0.025526488113   0.040311662503   0.044786510371   0.059571684760   0.023811645946 -23.954931918023   1.022676584614  -0.125109160978   0.017969613569  -0.958499920474  -0.007803144189   0.309395917084   0.031278338531   0.007803144189   0.309395917084  -0.031278338531   0.000000000000
  8.000000000000   0.600000000000  -9.000000000000  10.000000000000  -0.861847316999   0.013860761274   0.015351313902   0.029212075176   0.036731373077   0.050592134351   0.020501032525 -29.503118549733   1.124128554231  -0.103432923014   0.016235982798  -0.856208186593  -0.006833828650   0.259785855324   0.033867059532   0.006833828650   0.259785855324  -0.033867059532   0.000000000000
  8.000000000000   0.600000000000  -8.000000000000  10.000000000000  -0.770526178883   0.013205802667   0.006115845242   0.019321647909   0.031360079448   0.044565882115   0.034307968221 -39.878905903509   1.358464690295  -0.083560834890   0.031285031778  -0.766354871299  -0.004176833614   0.260269829684   0.029593469024   0.004176833614   0.260269829684  -0.029593469024   0.000000000000
  8.000000000000   0.600000000000  -7.000000000000  10.000000000000  -0.674056715896   0.012351920795   0.004466373457   0.016818294251   0.027267201550   0.039619122344   0.022440757235 -40.078780037215   1.194341862386  -0.062516500339   0.019881711165  -0.671442703138  -0.003400657918   0.244609899195   0.039638120530   0.003400657918   0.244609899195  -0.039638120530   0.000000000000
  8.000000000000   0.600000000000  -6.000000000000  10.000000000000  -0.581149536299   0.011686397697   0.002088249447   0.013774647143   0.021534041621   0.033220439317   0.017513675162 -42.189794791751   1.083959434853  -0.044756719360   0.015426172921  -0.579646549652  -0.001635753923   0.218881146759   0.026602573501   0.001635753923   0.218881146759  -0.026602573501   0.000000000000
  8.000000000000   0.600000000000  -5.000000000000  10.000000000000  -0.481434510855   0.011060026786   0.001729206704   0.012789233490   0.016138940025   0.027198966811   0.007819984486 -37.643734569685   0.801212363885  -0.028259016040   0.005963963651  -0.480801168928  -0.001213286064   0.177336341221   0.027977947181   0.001213286064   0.177336341221  -0.027977947181   0.000000000000
  8.000000000000   0.600000000000  -4.000000000000  10.000000000000  -0.385683369677   0.010917582943  -0.014290724350  -0.003373141407   0.014759502942   0.025677085885   0.034473770017 114.339520092577  -1.949597679058  -0.025449955016   0.034607724207  -0.384845534939   0.000233874468   0.098808538067   0.046694186073  -0.000233874468   0.098808538067  -0.046694186073   0.000000000000
  8.000000000000   0.600000000000  -3.000000000000  10.000000000000  -0.290803877319   0.010471036361  -0.011877958708  -0.001406922347   0.011782092433   0.022253128794   0.024073290607 206.695044622777  -2.657345224918  -0.013265056941   0.024034816744  -0.290507768679   0.002351935194   0.012886970186   0.045742497760  -0.002351935194   0.012886970186  -0.045742497760   0.000000000000
  8.000000000000   0.600000000000  -2.000000000000  10.000000000000  -0.195298412779   0.010377023520  -0.018517134801  -0.008140111282   0.010872611755   0.021249635274   0.034446724950  23.992106007242  -0.207149937500  -0.010080660994   0.035244376320  -0.195065431375   0.003428041353   0.046573713375   0.049329143846  -0.003428041353   0.046573713375  -0.049329143846   0.000000000000
  8.000000000000   0.600000000000  -1.000000000000  10.000000000000  -0.097820122327   0.010282452401  -0.021944896316  -0.011662443915   0.009621972700   0.019904425100   0.037634872766   8.387617813300  -0.036273090227  -0.008017419174   0.038891711256  -0.097695078502   0.005112630968  -0.070142485464   0.052890052588  -0.005112630968  -0.070142485464  -0.052890052588   0.000000000000
  8.000000000000   0.600000000000   0.000000000000  10.000000000000   0.004869548148   0.010090562968  -0.015212480445  -0.005121917477   0.009055695659   0.019146258627   0.027373048056  -0.950727568292  -0.000204673904  -0.001262479348   0.027819488572   0.004869548148   0.007918771902  -0.083243305518   0.022498153602  -0.007918771902  -0.083243305518  -0.022498153602   0.000000000000
  8.000000000000   0.600000000000   1.000000000000  10.000000000000   0.107679341137   0.010131437880  -0.013398455484  -0.003267017605   0.008460390257   0.018591828136   0.024909464347 -32.959522772605  -0.156902919865  -0.001647794703   0.025121728123   0.107666981357   0.010312695900  -0.145574160786   0.034458764633  -0.010312695900  -0.145574160786  -0.034458764633   0.000000000000
  8.000000000000   0.600000000000   2.000000000000  10.000000000000   0.202088510699   0.010253301039  -0.009374853866   0.000878447173   0.010884838954   0.021138139993   0.022560374722 230.051979154203   2.055347780977  -0.003045534417   0.022218562489   0.202105340194   0.011558713882  -0.173967922371   0.026963450804  -0.011558713882  -0.173967922371  -0.026963450804   0.000000000000
  8.000000000000   0.600000000000   3.000000000000  10.000000000000   0.299023664755   0.010419364299  -0.003370159878   0.007049204421   0.012482226690   0.022901590988   0.013648662459  42.419491180502   0.560775118592  -0.006781730616   0.012534774975   0.299078613243   0.012729026919  -0.201920213560   0.027048964034  -0.012729026919  -0.201920213560  -0.027048964034   0.000000000000
  8.000000000000   0.600000000000   4.000000000000  10.000000000000   0.396924183348   0.010849711044  -0.003035600769   0.007814110275   0.015822328649   0.026672039693   0.023626405336  50.795825677811   0.891360336869  -0.016688666716   0.022308960825   0.396726446491   0.014509800979  -0.260440202030   0.030768273361  -0.014509800979  -0.260440202030  -0.030768273361   0.000000000000
  8.000000000000   0.600000000000   5.000000000000  10.000000000000   0.494669667054   0.011280307332   0.001722992511   0.013003299844   0.013436288911   0.024716596243   0.019827653995  38.041856529165   0.831945170519  -0.027536574103   0.017824983068   0.494150086754   0.015938029994  -0.306476782238   0.024460920180  -0.015938029994  -0.306476782238  -0.024460920180   0.000000000000
  8.000000000000   0.600000000000   6.000000000000  10.000000000000   0.589424780387   0.011825834745   0.006876391382   0.018702226127   0.021524405898   0.033350240643   0.021864969745  31.516289900293   0.821260997481  -0.040166559163   0.019049334557   0.588449821375   0.017643399916  -0.402881160716   0.024468973946  -0.017643399916  -0.402881160716  -0.024468973946   0.000000000000
  8.000000000000   0.600000000000   7.000000000000  10.000000000000   0.684323861377   0.012675561526   0.003888080693   0.016563642219   0.022785792644   0.035461354171   0.043074676525  41.314817858950   1.249928720203  -0.061167763312   0.040350263283   0.681952557173   0.018253089188  -0.442273510869   0.036361780234  -0.018253089188  -0.442273510869  -0.036361780234   0.000000000000
  8.000000000000   0.600000000000   8.000000000000  10.000000000000   0.779944928311   0.013427178682   0.009637957344   0.023065136025   0.037672477064   0.051099655746   0.046394403063  33.814885264696   1.165975910357  -0.079534955060   0.042732849417   0.776431984682   0.019824067012  -0.481373642416   0.046436597284  -0.019824067012  -0.481373642416  -0.046436597284   0.000000000000
  8.000000000000   0.600000000000   9.000000000000  10.000000000000   0.884070200343   0.014240180274   0.019218264694   0.033458444969   0.047921811612   0.062161991887   0.044795460940  26.422931525180   1.032726859464  -0.099416570937   0.039702999054   0.879344208649   0.021397827354  -0.528508636078   0.042268243387  -0.021397827354  -0.528508636078  -0.042268243387   0.000000000000
  8.000000000000   0.600000000000  10.000000000000  10.000000000000   0.982145566239   0.015209408455   0.025780477792   0.040989886247   0.057467574123   0.072676982578   0.051912573209  23.960680454764   1.040381758707  -0.123458408082   0.045702674038   0.975527696365   0.022842027066  -0.587580230035   0.047359455885  -0.022842027066  -0.587580230035  -0.047359455885   0.000000000000
  8.000000000000   0.600000000000  11.000000000000  10.000000000000   1.079226051477   0.016155587831   0.036973249162   0.053128836993   0.062530682222   0.078686270053   0.051271393064  20.313376173017   0.969197427052  -0.147276376928   0.043378318396   1.070797968594   0.024043540462  -0.649525162437   0.047357255299  -0.024043540462  -0.649525162437  -0.047357255299   0.000000000000
  8.000000000000   0.600000000000  12.000000000000  10.000000000000   1.175267521703   0.017226968678   0.047507484086   0.064734452764   0.068226109246   0.085453077924   0.051084339689  18.155209035136   0.943312760993  -0.174694027478   0.041577895877   1.164391335438   0.024975607612  -0.737841472666   0.041157351247  -0.024975607612  -0.737841472666  -0.041157351247   0.000000000000
  8.000000000000   0.600000000000  13.000000000000  10.000000000000   1.272337170524   0.018300788580   0.061699957564   0.080000746144   0.079886679900   0.098187468480   0.045074450913  15.904066297540   0.894598392968  -0.202909492411   0.033501837535   1.258959517132   0.026414394133  -0.761868073319   0.046149101532  -0.026414394133  -0.761868073319  -0.046149101532   0.000000000000
  8.000000000000   0.600000000000  14.000000000000  10.000000000000   1.366310184939   0.019548645596   0.073012635163   0.092561280759   0.087248008205   0.106796653801   0.047269607175  14.761141740148   0.891634732260  -0.235219333630   0.033927542135   1.349491131834   0.028412169060  -0.821756274203   0.044222890539  -0.028412169060  -0.821756274203  -0.044222890539   0.000000000000
  8.000000000000   0.600000000000  15.000000000000  10.000000000000   1.469398490075   0.020894161131   0.090892201274   0.111786362405   0.096372133721   0.117266294852   0.045859363107  13.144702613697   0.853902088011  -0.267216892485   0.029855408237   1.449632705760   0.030874057542  -0.838972640877   0.039141000320  -0.030874057542  -0.838972640877  -0.039141000320   0.000000000000
  8.000000000000   0.600000000000  16.000000000000  10.000000000000   1.541337225298   0.022529985397   0.083862814520   0.106392799916   0.114674746863   0.137204732260   0.076236314025  14.487232467875   0.987190159492  -0.313375062299   0.060687371573   1.513593392823   0.032216881220  -1.025762687880   0.061161599878  -0.032216881220  -1.025762687880  -0.061161599878   0.000000000000
  8.000000000000   0.600000000000  17.000000000000  10.000000000000   1.634842395669   0.023757767021   0.104930769256   0.128688536277   0.125790068012   0.149547835033   0.066820763255  12.703869691588   0.918183836273  -0.347220561254   0.048260485529   1.603385237498   0.033526671962  -0.883553984363   0.052941614068  -0.033526671962  -0.883553984363  -0.052941614068   0.000000000000
  8.000000000000   0.600000000000  18.000000000000  10.000000000000   1.730047769502   0.025088389782   0.127117462529   0.152205852312   0.134008718933   0.159097108716   0.054849360780  11.366499666240   0.869365816344  -0.384006610397   0.033132610121   1.694308564558   0.034353490914  -1.003523852519   0.041537276135  -0.034353490914  -1.003523852519  -0.041537276135   0.000000000000
  8.000000000000   0.600000000000  19.000000000000  10.000000000000   1.821014722029   0.026731248745   0.141283948162   0.168015196906   0.145897817817   0.172629066562   0.063683041735  10.838392928485   0.872561546198  -0.427168842366   0.039680086789   1.778856802800   0.035790571987  -1.065166535922   0.042701036211  -0.035790571987  -1.065166535922  -0.042701036211   0.000000000000
  8.000000000000   0.600000000000  20.000000000000  10.000000000000   1.910398318185   0.028414124328   0.154983613161   0.183397737488   0.163742613066   0.192156737394   0.070685039750  10.416695125834   0.879774969782  -0.473490197743   0.044473105967   1.860667088593   0.037083532683  -1.102037755776   0.042022940000  -0.037083532683  -1.102037755776  -0.042022940000   0.000000000000
  8.000000000000   0.600000000000  21.000000000000  10.000000000000   1.998717141636   0.030064454758   0.171883342819   0.201947797577   0.180098438003   0.210162892761   0.073771341248   9.897197026259   0.874543214190  -0.519991400208   0.044947702405   1.941309862893   0.038584658518  -1.144210870301   0.039532238450  -0.038584658518  -1.144210870301  -0.039532238450   0.000000000000
  8.000000000000   0.600000000000  22.000000000000  10.000000000000   2.085638357524   0.031765081370   0.189213807360   0.220978888730   0.195941208940   0.227706290310   0.079078966087   9.438179228393   0.870251833391  -0.568195504041   0.047555057834   2.019867544217   0.040113195231  -1.197875823728   0.038507497997  -0.040113195231  -1.197875823728  -0.038507497997   0.000000000000
  8.000000000000   0.600000000000  23.000000000000  10.000000000000   2.173362506399   0.033520499792   0.207718346657   0.241238846450   0.211706770201   0.245227269994   0.083246793806   9.009173018300   0.865635022857  -0.618635236907   0.048862683399   2.098459834203   0.041099064680  -1.270461347680   0.043010296478  -0.041099064680  -1.270461347680  -0.043010296478   0.000000000000
  8.000000000000   0.600000000000  24.000000000000  10.000000000000   2.259992925457   0.035313397707   0.226020587425   0.261333985131   0.231811609054   0.267125006761   0.087908588627   8.647910543752   0.864044259905  -0.671628084882   0.050682407189   2.174842156124   0.042219799331  -1.231029507112   0.031393767974  -0.042219799331  -1.231029507112  -0.031393767974   0.000000000000
  8.000000000000   0.600000000000  25.000000000000  10.000000000000   2.341049701870   0.037023286623   0.245465802067   0.282489088689   0.246108167810   0.283131454433   0.088195123061   8.287221686091   0.857703755928  -0.724715509798   0.048021931726   2.245122156034   0.044104920855  -1.333088216816   0.039105207169  -0.044104920855  -1.333088216816  -0.039105207169   0.000000000000
  8.000000000000   0.600000000000  26.000000000000  10.000000000000   2.423541515664   0.038844624087   0.264866129672   0.303710753760   0.261786027306   0.300630651394   0.092599341560   7.979768531935   0.854984967394  -0.780510752540   0.049429803738   2.315756463410   0.045312953741  -1.184616025203   0.036813183270  -0.045312953741  -1.184616025203  -0.036813183270   0.000000000000
  8.000000000000   0.600000000000  27.000000000000  10.000000000000   2.503274144770   0.040546805248   0.285724966718   0.326271771966   0.279385632543   0.319932437791   0.091451987756   7.672358934663   0.849092582790  -0.837241149746   0.045153729037   2.382894579508   0.046462755562  -1.495510022797   0.050579106693  -0.046462755562  -1.495510022797  -0.050579106693   0.000000000000
  8.000000000000   0.600000000000  28.000000000000  10.000000000000   2.586139719017   0.042422943462   0.308166077180   0.350589020642   0.296070020461   0.338492963923   0.093408864809   7.376556499926   0.843380157171  -0.896101539867   0.043707254993   2.452518752182   0.047635633866  -1.440963356906   0.037601468074  -0.047635633866  -1.440963356906  -0.037601468074   0.000000000000
  8.000000000000   0.600000000000  29.000000000000  10.000000000000   2.664265563123   0.044211208854   0.330115403866   0.374326612720   0.311383393428   0.355594602282   0.092129401863   7.117489039214   0.838343573678  -0.956239997241   0.039136609393   2.516146383659   0.049224613279  -1.345253100897   0.034709303317  -0.049224613279  -1.345253100897  -0.034709303317   0.000000000000
  8.000000000000   0.600000000000  30.000000000000  10.000000000000   2.743273167508   0.046270918908   0.345562525044   0.391833443952   0.329210188998   0.375481107907   0.111356681724   7.001120526719   0.849091182797  -1.022179742688   0.055740290698   2.577503253842   0.050780688395  -1.489247513515   0.034454902177  -0.050780688395  -1.489247513515  -0.034454902177   0.000000000000
  9.000000000000   0.600000000000 -10.000000000000  10.000000000000  -0.960369023668   0.014912092524   0.018455624561   0.033367717084   0.044704129844   0.059616222367   0.028555585569 -28.781382353678   1.221989611514  -0.129910902370   0.022984157953  -0.952277466687  -0.008851740305   0.321411300292   0.050196629346   0.008851740305   0.321411300292  -0.050196629346   0.000000000000
  9.000000000000   0.600000000000  -9.000000000000  10.000000000000  -0.863367662187   0.013711524766   0.021797455700   0.035508980466   0.040443708727   0.054155233493   0.004948749272 -24.314065086192   0.928049356810  -0.099655820692  -0.000667006407  -0.858345717312  -0.007590861558   0.289148763720   0.040102089037   0.007590861558   0.289148763720  -0.040102089037   0.000000000000
  9.000000000000   0.600000000000  -8.000000000000  10.000000000000  -0.764482923105   0.013135413198   0.008178353115   0.021313766313   0.036838611392   0.049974024589   0.025099731044 -35.868035329532   1.212252528812  -0.081660720002   0.021456504073  -0.760519268720  -0.004641188619   0.218398695187   0.041118482755   0.004641188619   0.218398695187  -0.041118482755   0.000000000000
  9.000000000000   0.600000000000  -7.000000000000  10.000000000000  -0.670627092745   0.012507345821  -0.001877792290   0.010629553531   0.029492980429   0.042000326250   0.027909757411 -63.090805348265   1.870530900401  -0.066974948878   0.025903313464  -0.667439895470  -0.003383815468   0.181563110035   0.041437504164   0.003383815468   0.181563110035  -0.041437504164   0.000000000000
  9.000000000000   0.600000000000  -6.000000000000  10.000000000000  -0.574856448586   0.011847336985  -0.004560288072   0.007287048913   0.025244070134   0.037091407119   0.025633479681 -78.887414568330   2.004863695473  -0.048942962964   0.024177943412  -0.572878805920  -0.001976606265   0.136369275050   0.044132197573   0.001976606265   0.136369275050  -0.044132197573   0.000000000000
  9.000000000000   0.600000000000  -5.000000000000  10.000000000000  -0.479340766184   0.011394012087  -0.010695630948   0.000698381139   0.021419914166   0.032813926253   0.035438288116 -686.359839388261  14.545007545811  -0.035567468504   0.034892733103  -0.478060019754  -0.001063006965   0.147610318808   0.046622311673   0.001063006965   0.147610318808  -0.046622311673   0.000000000000
  9.000000000000   0.600000000000  -4.000000000000  10.000000000000  -0.384799407519   0.011126738648  -0.020536232500  -0.009409493853   0.019470179290   0.030596917937   0.043125888949  40.894804071192  -0.695697187621  -0.029383316743   0.044066906830  -0.383684366789   0.000654882921   0.026449665000   0.042475003916  -0.000654882921   0.026449665000  -0.042475003916   0.000000000000
  9.000000000000   0.600000000000  -3.000000000000  10.000000000000  -0.289405340255   0.010691075014  -0.018959938287  -0.008268863273   0.016180223666   0.026871298679   0.034443027063  34.999410524223  -0.447800930560  -0.017921480056   0.035312511447  -0.288863279544   0.003361449696  -0.079914098322   0.035878845411  -0.003361449696  -0.079914098322  -0.035878845411   0.000000000000
  9.000000000000   0.600000000000  -2.000000000000  10.000000000000  -0.192183122473   0.010553825146  -0.026090733064  -0.015536907919   0.014246377904   0.024800203050   0.039142899989  12.369457518784  -0.105095378803  -0.015923800439   0.041091493815  -0.191744195235   0.004337042039  -0.155676276108   0.052369947326  -0.004337042039  -0.155676276108  -0.052369947326   0.000000000000
  9.000000000000   0.600000000000  -1.000000000000  10.000000000000  -0.089443998121   0.010516545783  -0.031030015300  -0.020513469517   0.010845025377   0.021361571160   0.045934619260   4.360256954466  -0.017241736693  -0.014634178675   0.048578101503  -0.089202182412   0.005513667596  -0.031710114622   0.067317782227  -0.005513667596  -0.031710114622  -0.067317782227   0.000000000000
  9.000000000000   0.600000000000   0.000000000000  10.000000000000   0.012609364676   0.010177161235  -0.017207827425  -0.007030666191   0.010427202588   0.020604363823   0.026708717455  -1.793480778823  -0.000999787386  -0.002765943096   0.027479727327   0.012609364676   0.008810948098  -0.156290417220   0.026960675005  -0.008810948098  -0.156290417220  -0.026960675005   0.000000000000
  9.000000000000   0.600000000000   1.000000000000  10.000000000000   0.105917338107   0.010400448699  -0.022255366219  -0.011854917520   0.013590323804   0.023990772504   0.037476902943  -8.934464362921  -0.041836303003  -0.007693906566   0.038870017759   0.105799174650   0.010908587998  -0.172324263335   0.039926870576  -0.010908587998  -0.172324263335  -0.039926870576   0.000000000000
  9.000000000000   0.600000000000   2.000000000000  10.000000000000   0.202126820007   0.010536146873  -0.019070076105  -0.008533929233   0.015264688696   0.025800835569   0.037079669884 -23.685082744095  -0.211649170613  -0.009680847265   0.037958158272   0.201911962622   0.012881578746  -0.277966335307   0.045899599357  -0.012881578746  -0.277966335307  -0.045899599357   0.000000000000
  9.000000000000   0.600000000000   3.000000000000  10.000000000000   0.339697602820   0.010901459390   0.026831858347   0.037733317736   0.069259535550   0.080160994940   0.043026392692   9.002590368339   0.135200311714   0.026160869947   0.036593875025   0.341534818563   0.013876573629  -0.448600296063   0.031389115513  -0.013876573629  -0.448600296063  -0.031389115513   0.000000000000
  9.000000000000   0.600000000000   4.000000000000  10.000000000000   0.409266963217   0.011112473166  -0.008980030296   0.002132442870   0.020462116292   0.031574589458   0.030809043613 191.923999025993   3.472591472812  -0.021640105823   0.030096145602   0.408753127819   0.016197103409  -0.239185583261   0.049152638744  -0.016197103409  -0.239185583261  -0.049152638744   0.000000000000
  9.000000000000   0.600000000000   5.000000000000  10.000000000000   0.498414798506   0.011540562318  -0.008271395523   0.003269166795   0.021635786580   0.033176348899   0.035908080463 152.459274715466   3.359406043520  -0.034627195058   0.034954582048   0.497289175049   0.017059843025  -0.381984823141   0.053528557887  -0.017059843025  -0.381984823141  -0.053528557887   0.000000000000
  9.000000000000   0.600000000000   6.000000000000  10.000000000000   0.594155762100   0.012311977768  -0.012184231541   0.000127746226   0.025009572574   0.037321550342   0.049064080663 4651.063120330315 122.171601781052  -0.054347439445   0.048440036500   0.591716392080   0.020150425820  -0.397560221460   0.042490038046  -0.020150425820  -0.397560221460  -0.042490038046   0.000000000000
  9.000000000000   0.600000000000   7.000000000000  10.000000000000   0.687562835647   0.012757519098  -0.000115881530   0.012641637568   0.031138722505   0.043896241603   0.041014457397  54.388747657243   1.653252447171  -0.065031651780   0.038531913557   0.684741429726   0.019891109147  -0.474149343479   0.059642186000  -0.019891109147  -0.474149343479  -0.059642186000   0.000000000000
  9.000000000000   0.600000000000   8.000000000000  10.000000000000   0.783486887417   0.013480754707   0.007080946613   0.020561701320   0.040872767901   0.054353522608   0.043026530875  38.104185798497   1.319842593996  -0.082264060123   0.039280244136   0.779625201945   0.021483347237  -0.541530302956   0.061521465260  -0.021483347237  -0.541530302956  -0.061521465260   0.000000000000
  9.000000000000   0.600000000000   9.000000000000  10.000000000000   0.881548726998   0.014249877822   0.017701995991   0.031951873813   0.052981778947   0.067231656769   0.043219612793  27.589891352465   1.075261346609  -0.100056850288   0.037689133354   0.876689894535   0.023582016476  -0.565562568577   0.057939907581  -0.023582016476  -0.565562568577  -0.057939907581   0.000000000000
  9.000000000000   0.600000000000  10.000000000000  10.000000000000   0.977444899620   0.015260326559   0.023206206318   0.038466532877   0.061050631729   0.076310958288   0.050742588560  25.410267744887   1.098042745933  -0.124498482468   0.044100371599   0.970571121210   0.025505377410  -0.574077812899   0.054540002862  -0.025505377410  -0.574077812899  -0.054540002862   0.000000000000
  9.000000000000   0.600000000000  11.000000000000  10.000000000000   1.074836144461   0.016189042534   0.033640297551   0.049829340085   0.065623216592   0.081812259127   0.049803380153  21.570346759959   1.024984057365  -0.149128957474   0.041395191739   1.065965791849   0.026472057996  -0.660563018753   0.051620188930  -0.026472057996  -0.660563018753  -0.051620188930   0.000000000000
  9.000000000000   0.600000000000  12.000000000000  10.000000000000   1.173178796000   0.017375085607   0.042611131406   0.059986217013   0.074415650600   0.091790736206   0.058105551874  19.557472606516   1.014365936713  -0.177073525152   0.048006264342   1.161750168517   0.027976776927  -0.713149316719   0.051707060461  -0.027976776927  -0.713149316719  -0.051707060461   0.000000000000
  9.000000000000   0.600000000000  13.000000000000  10.000000000000   1.266401011577   0.018411585993   0.056271110585   0.074682696578   0.089425142560   0.107836728552   0.053182972799  16.957087379091   0.949380327018  -0.204899143083   0.040845254465   1.252407865769   0.029657507641  -0.715703491326   0.050238953142  -0.029657507641  -0.715703491326  -0.050238953142   0.000000000000
  9.000000000000   0.600000000000  14.000000000000  10.000000000000   1.362763625248   0.019645553275   0.068794600234   0.088440153509   0.101144769115   0.120790322390   0.053958188889  15.408879012296   0.928344779043  -0.236735569187   0.039458785943   1.345457959096   0.031268066420  -0.778950240138   0.053184827561  -0.031268066420  -0.778950240138  -0.053184827561   0.000000000000
  9.000000000000   0.600000000000  15.000000000000  10.000000000000   1.455310336279   0.020920980171   0.081533883512   0.102454863682   0.108814830977   0.129735811148   0.054105290808  14.204404593149   0.913895143021  -0.270741110562   0.037411693105   1.434103264321   0.031906849815  -0.893409085149   0.061841379976  -0.031906849815  -0.893409085149  -0.061841379976   0.000000000000
  9.000000000000   0.600000000000  16.000000000000  10.000000000000   1.557161373881   0.022223534829   0.106492876533   0.128716411362   0.111523647085   0.133747181914   0.041591404328  12.097613329991   0.832819801836  -0.300750726401   0.020943662171   1.533675215734   0.030730469458  -0.925829262660   0.098609530462  -0.030730469458  -0.925829262660  -0.098609530462   0.000000000000
  9.000000000000   0.600000000000  17.000000000000  10.000000000000   1.629337134987   0.023864780009   0.098982721525   0.122847501535   0.143788930030   0.167653710039   0.073259922565  13.263087280020   0.955373750612  -0.349379182351   0.053140388166   1.596968475086   0.037271632986  -1.025363057515   0.054047945147  -0.037271632986  -1.025363057515  -0.054047945147   0.000000000000
  9.000000000000   0.600000000000  18.000000000000  10.000000000000   1.723621481396   0.025219479331   0.120103825464   0.145323304795   0.133922401807   0.159141881138   0.063664216768  11.860599260585   0.903787336156  -0.386647420448   0.040146831172   1.686693514173   0.038658834114  -1.031328435341   0.049524452465  -0.038658834114  -1.031328435341  -0.049524452465   0.000000000000
  9.000000000000   0.600000000000  19.000000000000  10.000000000000   1.813684443181   0.026859875335   0.133808345551   0.160668220886   0.146557170980   0.173417046315   0.075599138599  11.288383186062   0.905130485030  -0.429251436152   0.049534340570   1.770387053743   0.040374658716  -1.089299747580   0.050158491661  -0.040374658716  -1.089299747580  -0.050158491661   0.000000000000
  9.000000000000   0.600000000000  20.000000000000  10.000000000000   1.902664610447   0.028488425936   0.147761779452   0.176250205388   0.162440686728   0.190929112664   0.079860223186  10.795247621157   0.908055870054  -0.475428197148   0.051305404725   1.851731674622   0.041687290104  -1.143129885301   0.047295675915  -0.041687290104  -1.143129885301  -0.047295675915   0.000000000000
  9.000000000000   0.600000000000  21.000000000000  10.000000000000   1.990316865190   0.030109090228   0.165154089193   0.195263179421   0.177822801979   0.207931892206   0.083076537428  10.192996299111   0.896895429351  -0.521083389116   0.051507836380   1.931892773563   0.043078244103  -1.199764243657   0.045154507854  -0.043078244103  -1.199764243657  -0.045154507854   0.000000000000
  9.000000000000   0.600000000000  22.000000000000  10.000000000000   2.077387657517   0.031789649943   0.182965001063   0.214754651006   0.195253302548   0.227042952491   0.087260431133   9.673306947178   0.888403451156  -0.568880970482   0.052591081480   2.010691931189   0.044275064496  -1.228572535026   0.049838486858  -0.044275064496  -1.228572535026  -0.049838486858   0.000000000000
  9.000000000000   0.600000000000  23.000000000000  10.000000000000   2.163043938524   0.033517602840   0.200575489073   0.234093091914   0.214385199680   0.247902802521   0.091898207543   9.240101537560   0.883608339965  -0.619104514316   0.054146560509   2.087050954470   0.045967957581  -1.253868060874   0.044597235870  -0.045967957581  -1.253868060874  -0.044597235870   0.000000000000
  9.000000000000   0.600000000000  24.000000000000  10.000000000000   2.248013960877   0.035268921433   0.217935742302   0.253204663735   0.228715347908   0.263984269341   0.096903165420   8.878248637756   0.882356376685  -0.672035109564   0.056100190535   2.161548327852   0.047937434229  -1.281339932406   0.043375593089  -0.047937434229  -1.281339932406  -0.043375593089   0.000000000000
  9.000000000000   0.600000000000  25.000000000000  10.000000000000   2.332018531199   0.037078070280   0.235568559018   0.272646629298   0.244504974853   0.281583045134   0.103106089046   8.553263750961   0.881823326158  -0.726875935734   0.059185352396   2.234149938575   0.049910608457  -1.327570562258   0.048982927100  -0.049910608457  -1.327570562258  -0.048982927100   0.000000000000
  9.000000000000   0.600000000000  26.000000000000  10.000000000000   2.411643238045   0.038813578188   0.255970063520   0.294783641709   0.255591742304   0.294405320492   0.106481256861   8.181061961467   0.872248969074  -0.780535484641   0.059055974600   2.302506353991   0.051164348547  -1.380182581420   0.045770653977  -0.051164348547  -1.380182581420  -0.045770653977   0.000000000000
  9.000000000000   0.600000000000  27.000000000000  10.000000000000   2.492804765527   0.040486412615   0.280045477068   0.320531889683   0.271342943967   0.311829356582   0.101808112497   7.777088164280   0.857083254014  -0.835439401996   0.050412451001   2.372062556824   0.052498767084  -1.423027070579   0.038482015473  -0.052498767084  -1.423027070579  -0.038482015473   0.000000000000
  9.000000000000   0.600000000000  28.000000000000  10.000000000000   2.576795949736   0.042420918240   0.300532222511   0.342953140751   0.288044270327   0.330465188567   0.107819173644   7.513551105240   0.855939354956  -0.895758506138   0.052842049593   2.442118673203   0.053515830775  -1.341197364391   0.045053028033  -0.053515830775  -1.341197364391  -0.045053028033   0.000000000000
  9.000000000000   0.600000000000  29.000000000000  10.000000000000   2.652147839843   0.044057814682   0.324676392861   0.368734207543   0.306100862373   0.350158677055   0.101559734879   7.192573364748   0.843334274480  -0.953359649194   0.042626627515   2.503888138448   0.055506292210  -1.554941627925   0.017513200014  -0.055506292210  -1.554941627925  -0.017513200014   0.000000000000
  9.000000000000   0.600000000000  30.000000000000  10.000000000000   2.731398636475   0.046064086773   0.342262655349   0.388326742122   0.321540536425   0.367604623197   0.115041923791   7.033763942060   0.849357641702  -1.017953470726   0.052877880643   2.566231765720   0.056503461474  -1.528577833950   0.037481060599  -0.056503461474  -1.528577833950  -0.037481060599   0.000000000000
 10.000000000000   0.600000000000 -10.000000000000  10.000000000000  -0.953817431232   0.015101447347   0.009210208618   0.024311655965   0.040816206512   0.055917653859   0.035893318847 -39.232927308741   1.654373975985  -0.135911969895   0.031126343928  -0.944566655260  -0.009048778003   0.260046684686   0.045361768275   0.009048778003   0.260046684686  -0.045361768275   0.000000000000
 10.000000000000   0.600000000000  -9.000000000000  10.000000000000  -0.856990812427   0.014029170798   0.008873151143   0.022902321941   0.040127594282   0.054156765080   0.026845000741 -37.419385451490   1.417720234526  -0.107182003368   0.022460218390  -0.850697349086  -0.007452417270   0.316317562558   0.036497356813   0.007452417270   0.316317562558  -0.036497356813   0.000000000000
 10.000000000000   0.600000000000  -8.000000000000  10.000000000000  -0.765424679341   0.013654203006  -0.012974997329   0.000679205676   0.036504303316   0.050158506321   0.045867137291 -1126.940934408973  38.134788002579  -0.097976916266   0.045052369584  -0.759177188291  -0.004547493360   0.123440882973   0.031410197652   0.004547493360   0.123440882973  -0.031410197652   0.000000000000
 10.000000000000   0.600000000000  -7.000000000000  10.000000000000  -0.666281810248   0.012657036296  -0.007517403628   0.005139632668   0.032266171434   0.044923207730   0.031730820531 -129.636075830486   3.818577017893  -0.070706576203   0.030356270222  -0.662603794437  -0.003420016295   0.081552915391   0.046091722997   0.003420016295   0.081552915391  -0.046091722997   0.000000000000
 10.000000000000   0.600000000000  -6.000000000000  10.000000000000  -0.571952558688   0.011900438409  -0.006142806785   0.005757631623   0.026505748425   0.038406186834   0.023705095724 -99.338164735358   2.511850922495  -0.050052426595   0.022345159816  -0.569842311258  -0.002012491250   0.143687593786   0.045108504029   0.002012491250   0.143687593786  -0.045108504029   0.000000000000
 10.000000000000   0.600000000000  -5.000000000000  10.000000000000  -0.474465578538   0.011408575543  -0.011344365169   0.000064210374   0.020953909449   0.032362484992   0.027174458711 -7389.235533898825 154.996518066844  -0.036588566865   0.026750467608  -0.473076875152  -0.000688959476   0.066878116826   0.046324258260   0.000688959476   0.066878116826  -0.046324258260   0.000000000000
 10.000000000000   0.600000000000  -4.000000000000  10.000000000000  -0.392886997716   0.011043738223  -0.015792662214  -0.004748923991   0.017109969097   0.028153707320   0.027485321150  82.731793231711  -1.437003465584  -0.027310646623   0.027892399360  -0.391936641271   0.000147985583  -0.033724979756   0.036120404206  -0.000147985583  -0.033724979756  -0.036120404206   0.000000000000
 10.000000000000   0.600000000000  -3.000000000000  10.000000000000  -0.347101380844   0.022253156869  -0.559307534201  -0.537054377332   0.118665030469   0.140918187337   0.203996024466   0.646305840702  -0.009917726858  -0.510961373446   0.294155380410  -0.320799373153  -0.028465898123  -6.955019113939   0.460819007692   0.028465898123  -6.955019113939  -0.460819007692   0.000000000000
 10.000000000000   0.600000000000  -2.000000000000  10.000000000000  -0.186737600285   0.010436277091  -0.019668507980  -0.009232230889   0.015763399211   0.026199676301   0.028279401545  20.226703874048  -0.166983904229  -0.010695807140   0.029452933961  -0.186477919309   0.005256469567  -0.040245094889   0.043969783070  -0.005256469567  -0.040245094889  -0.043969783070   0.000000000000
 10.000000000000   0.600000000000  -1.000000000000  10.000000000000  -0.095272611216   0.010515778756  -0.028468655493  -0.017952876737   0.016107718498   0.026623497255   0.039463345618   5.306815872071  -0.022352176035  -0.012488481417   0.041981293053  -0.095069136652   0.008217523207  -0.065137169432   0.035899698161  -0.008217523207  -0.065137169432  -0.035899698161   0.000000000000
 10.000000000000   0.600000000000   0.000000000000  10.000000000000   0.003396415750   0.010306011356  -0.022135890627  -0.011829879271   0.010408891198   0.020714902554   0.032654546408  -0.287104853039  -0.000043110107  -0.005979754347   0.034212687451   0.003396415750   0.008782094192  -0.132536903972   0.047286744638  -0.008782094192  -0.132536903972  -0.047286744638   0.000000000000
 10.000000000000   0.600000000000   1.000000000000  10.000000000000   0.110364499738   0.010625373613  -0.031451459419  -0.020826085806   0.013135723000   0.023761096613   0.043454024255  -5.299339528625  -0.025856448119  -0.014888130271   0.046410271834   0.110121438066   0.012007843738  -0.255476717742   0.034642267518  -0.012007843738  -0.255476717742  -0.034642267518   0.000000000000
 10.000000000000   0.600000000000   2.000000000000  10.000000000000   0.196360178170   0.010584895440  -0.019266959114  -0.008682063674   0.013486808732   0.024071704172   0.035700215573 -22.616763195385  -0.196336746300  -0.009202325536   0.036665473616   0.196158516108   0.014445638269  -0.103884627458   0.032989328807  -0.014445638269  -0.103884627458  -0.032989328807   0.000000000000
 10.000000000000   0.600000000000   3.000000000000  10.000000000000   0.324048390867   0.011326942408  -0.033722926395  -0.022395983986   0.017439594750   0.028766537158   0.053566061508 -14.469040121862  -0.207284730555  -0.029695993069   0.056641294478   0.322936796329   0.015065307973  -0.318960162476   0.043393633639  -0.015065307973  -0.318960162476  -0.043393633639   0.000000000000
 10.000000000000   0.600000000000   4.000000000000  10.000000000000   0.437344640336   0.011063488534   0.024768498039   0.035831986573   0.001425151037   0.012488639571   0.006362808175  12.205425436033   0.235990462685   0.005796237985   0.000043983651   0.438817903818   0.021368258348  -0.128704595805   0.008227225641  -0.021368258348  -0.128704595805  -0.008227225641   0.000000000000
 10.000000000000   0.600000000000   5.000000000000  10.000000000000   0.495211283140   0.011680720300  -0.011160121866   0.000520598434   0.025231106411   0.036911826710   0.041818060026 951.234677105215  20.825523466740  -0.035415771540   0.041092348760   0.494004431271   0.018325824984  -0.376166025894   0.059926726615  -0.018325824984  -0.376166025894  -0.059926726615   0.000000000000
 10.000000000000   0.600000000000   6.000000000000  10.000000000000   0.589023613536   0.012259935786  -0.011358147119   0.000901788667   0.028377764704   0.040637700490   0.042843077890 653.172561573320  17.008983488495  -0.053287642351   0.042035601310   0.586667363370   0.020696490980  -0.401007154317   0.053146932055  -0.020696490980  -0.401007154317  -0.053146932055   0.000000000000
 10.000000000000   0.600000000000   7.000000000000  10.000000000000   0.686798833870   0.013010962767  -0.008190886610   0.004820076157   0.035956471569   0.048967434336   0.049919594211 142.487133286482   4.326362636391  -0.070384423575   0.048324205966   0.683314452695   0.022347326300  -0.493882770089   0.048263301146  -0.022347326300  -0.493882770089  -0.048263301146   0.000000000000
 10.000000000000   0.600000000000   8.000000000000  10.000000000000   0.784000067375   0.013677970229   0.000781321612   0.014459291840   0.040516769376   0.054194739604   0.048465482044  54.221193958978   1.879329356519  -0.086676637590   0.045218352792   0.779523277896   0.024040680676  -0.596842713800   0.059882801235  -0.024040680676  -0.596842713800  -0.059882801235   0.000000000000
 10.000000000000   0.600000000000   9.000000000000  10.000000000000   0.871011253561   0.014387683952   0.011958600694   0.026346284646   0.055220581219   0.069608265171   0.048796045636  33.060117025025   1.273051209777  -0.102260569268   0.043479739742   0.865672035368   0.024540090367  -0.931082206148   0.047706686381  -0.024540090367  -0.931082206148  -0.047706686381   0.000000000000
 10.000000000000   0.600000000000  10.000000000000  10.000000000000   0.975157490721   0.015555901913   0.013059125064   0.028615026977   0.076660576312   0.092216478225   0.062825429621  34.078510270102   1.469173492050  -0.130838361645   0.056902022889   0.967130533588   0.028292472197  -0.678595112536   0.064531709378  -0.028292472197  -0.678595112536  -0.064531709378   0.000000000000
 10.000000000000   0.600000000000  11.000000000000  10.000000000000   1.072607351388   0.016371415517   0.027351581120   0.043722996637   0.038802816931   0.055174232447   0.055051112145  24.531881021381   1.163293603605  -0.153011605624   0.046622343364   1.062940572788   0.028301913013  -0.664726750574   0.071874528643  -0.028301913013  -0.664726750574  -0.071874528643   0.000000000000
 10.000000000000   0.600000000000  12.000000000000  10.000000000000   1.165537369768   0.017397456571   0.038375415537   0.055772872108   0.040814344503   0.058211801074   0.055948460132  20.897926280517   1.076829926365  -0.179100499120   0.045413619702   1.153507181660   0.031244900347  -0.724726089776   0.056231383430  -0.031244900347  -0.724726089776  -0.056231383430   0.000000000000
 10.000000000000   0.600000000000  13.000000000000  10.000000000000   1.261349858451   0.018505640879   0.051770669231   0.070276310109   0.071220241306   0.089725882184   0.056180520005  17.948436058891   1.000875126117  -0.206801530480   0.043123658486   1.246784645829   0.032991003124  -0.725696658262   0.054825268282  -0.032991003124  -0.725696658262  -0.054825268282   0.000000000000
 10.000000000000   0.600000000000  14.000000000000  10.000000000000   1.357451789802   0.019671743110   0.065241268912   0.084913012022  -0.006478115079   0.013193628031   0.056395436102  15.986381326947   0.959383629945  -0.237756206061   0.040793672910   1.339729035735   0.035292358355  -0.763179995040   0.047883772347  -0.035292358355  -0.763179995040  -0.047883772347   0.000000000000
 10.000000000000   0.600000000000  15.000000000000  10.000000000000   1.447463154141   0.021008192512   0.075652988831   0.096661181343  -0.298224837523  -0.277216645011   0.061120929784  14.974606497005   0.958254036673  -0.272430071982   0.043407327532   1.425526707722   0.036905723872  -0.798082591520   0.050868125871  -0.036905723872  -0.798082591520  -0.050868125871   0.000000000000
 10.000000000000   0.600000000000  16.000000000000  10.000000000000   1.542614003687   0.022365092439   0.089860550978   0.112225643417   0.100805291557   0.123170383996   0.061538345797  13.745646331058   0.937432824222  -0.308690681900   0.041115661581   1.516264849126   0.038384945570  -0.890350802059   0.071539855535  -0.038384945570  -0.890350802059  -0.071539855535   0.000000000000
 10.000000000000   0.600000000000  17.000000000000  10.000000000000   1.624265308078   0.023804137621   0.099493844447   0.123297982068   0.118002356133   0.141806493754   0.068079610739  13.173494657658   0.945966353231  -0.347464755499   0.045634858582   1.592250206523   0.041339882894  -1.028661927186   0.056973990421  -0.041339882894  -1.028661927186  -0.056973990421   0.000000000000
 10.000000000000   0.600000000000  18.000000000000  10.000000000000   1.716319012033   0.025233449477   0.116381504424   0.141614953902   0.135566647248   0.160800096725   0.067613823608  12.119617065450   0.919612005809  -0.386567696736   0.041995439025   1.679041147298   0.042561739948  -1.053178329879   0.047723335948  -0.042561739948  -1.053178329879  -0.047723335948   0.000000000000
 10.000000000000   0.600000000000  19.000000000000  10.000000000000   1.806550773111   0.026896342261   0.127952037389   0.154848379651   0.146541285923   0.173437628184   0.078738869613  11.666578476226   0.931775742194  -0.431039765069   0.050653510318   1.762226565717   0.044296144423  -1.133799972467   0.055050523680  -0.044296144423  -1.133799972467  -0.055050523680   0.000000000000
 10.000000000000   0.600000000000  20.000000000000  10.000000000000   1.895410159407   0.028468319271   0.144742836771   0.173211156042   0.156949330509   0.185417649781   0.083063871793  10.942771832457   0.916955519832  -0.474421956051   0.051724143338   1.844377890881   0.045836942829  -1.178966072370   0.052982998415  -0.045836942829  -1.178966072370  -0.052982998415   0.000000000000
 10.000000000000   0.600000000000  21.000000000000  10.000000000000   1.983624468697   0.030150119635   0.159754006620   0.189904126255   0.176211213970   0.206361333605   0.089577781074  10.445399517187   0.916014258040  -0.521748242825   0.055240387844   1.924469033138   0.047438979279  -1.204741010152   0.051969643614  -0.047438979279  -1.204741010152  -0.051969643614   0.000000000000
 10.000000000000   0.600000000000  22.000000000000  10.000000000000   2.067610791499   0.031797216653   0.176315185080   0.208112401734   0.196761144460   0.228558361113   0.094110766425   9.935067657074   0.908149483784  -0.569361459091   0.056542673107   1.999953111514   0.049286206336  -1.240946173229   0.053678667106  -0.049286206336  -1.240946173229  -0.053678667106   0.000000000000
 10.000000000000   0.600000000000  23.000000000000  10.000000000000   2.152747823644   0.033467414031   0.194537975481   0.228005389512   0.208907880994   0.242375295025   0.097504573955   9.441653235698   0.898584506356  -0.618868548475   0.056430539998   2.075965824781   0.050532742054  -1.257350438033   0.049755872113  -0.050532742054  -1.257350438033  -0.049755872113   0.000000000000
 10.000000000000   0.600000000000  24.000000000000  10.000000000000   2.237705145195   0.035203634618   0.213778885667   0.248982520285   0.223523755370   0.258727389988   0.102421101557   8.987398563703   0.889108134060  -0.669907786103   0.057629733967   2.151211069645   0.052667667528  -1.281887805747   0.056633728513  -0.052667667528  -1.281887805747  -0.056633728513   0.000000000000
 10.000000000000   0.600000000000  25.000000000000  10.000000000000   2.319801511188   0.037060663943   0.227942974838   0.265003638781   0.235364050703   0.272424714646   0.114385223035   8.753847765481   0.897775062730  -0.725862619436   0.066630055526   2.221142465609   0.054759722134  -1.366011864553   0.042951290978  -0.054759722134  -1.366011864553  -0.042951290978   0.000000000000
 10.000000000000   0.600000000000  26.000000000000  10.000000000000   2.399110696846   0.038899130945   0.245639325296   0.284538456241   0.247057175519   0.285956306464   0.124528113991   8.431586817957   0.894287837997  -0.780409130204   0.073226667724   2.288624251511   0.056553947984  -1.384054841405   0.049931671580  -0.056553947984  -1.384054841405  -0.049931671580   0.000000000000
 10.000000000000   0.600000000000  27.000000000000  10.000000000000   2.483412547564   0.040514069784   0.270358274964   0.310872344748   0.255554417208   0.296068486992   0.115290900806   7.988528376742   0.877068219242  -0.836826506369   0.059556956813   2.360814659195   0.058091030441  -1.479480124170   0.031102621801  -0.058091030441  -1.479480124170  -0.031102621801   0.000000000000
 10.000000000000   0.600000000000  28.000000000000  10.000000000000   2.564074984826   0.042224890541   0.296222003722   0.338446894263   0.273274523311   0.315499413853   0.111727229699   7.576003882110   0.858793268184  -0.892339062840   0.051259155604   2.429529439582   0.059091233968  -1.400077209293   0.025268723327  -0.059091233968  -1.400077209293  -0.025268723327   0.000000000000
 10.000000000000   0.600000000000  29.000000000000  10.000000000000   2.640792071123   0.044042048157   0.313918874543   0.357960922700   0.292181159181   0.336223207338   0.119732571970   7.377319432544   0.861292205760  -0.953773589293   0.055754303262   2.490675023345   0.061036538158  -1.509652610751   0.043684974094  -0.061036538158  -1.509652610751  -0.043684974094   0.000000000000
 10.000000000000   0.600000000000  30.000000000000  10.000000000000   2.718684543030   0.046312008521   0.318082747465   0.364394755986   0.290764312762   0.337076321283   0.157321901777   7.460822359178   0.896733179043  -1.024902796025   0.091655343261   2.547538600342   0.063823184584  -1.545372503611   0.027360039361  -0.063823184584  -1.545372503611  -0.027360039361   0.000000000000
